0.021524115;0.030722436;0.03019014;-0.015002342
-0.018022521;0.044955288;0.046865409;0.051293092
-0.000765146;0.060284655;0.032905765;-0.000922572
0.000640685;0.080632939;0.092749333;0.035138277
0.033859998;0.053835551;0.009280735;0.029458347
-0.028118404;0.069386271;0.097978893;0.012796287
-0.019845134;0.043305978;0.006901052;0.028163183
0.00290647;0.054774669;0.027245089;-0.026711537
-0.015927364;0.057514411;-0.007126848;0.008892183
0.014549379;0.077805297;0.069793948;0.023732518
0.028960353;0.045196642;0.059624237;0.039307431
0.027409595;0.070678794;0.051793672;0.008720804
0.009530812;0.070164325;0.055009617;0.030681391
-0.011027717;0.03731311;0.059066496;-0.030960056
0.011285145;0.072100067;0.038649353;0.012118465
0.029005028;0.063199036;0.066070151;0.030995168
0.013718639;-0.001954908;0.042173548;0.01217691
0.050140207;0.077536964;0.062863672;0.017591257
0.026342299;0.100684817;0.091697556;0.039365448
0.036653375;0.068275356;0.081451129;-0.007028078
0.032359687;0.049086198;0.03125811;0.066255713
0.004832827;0.048334933;0.047197247;-0.038945864
-0.001776219;-0.000245395;0.03149219;0.019175618
0.037881836;0.04954941;0.054538021;0.043024105
0.01599443;0.033301357;0.062407563;0.012361302
0.058700253;0.078901777;0.069234985;0.021685393
0.074340828;0.031387031;0.031205109;0.033176652
0.053870764;0.061334114;0.100112898;0.08645991
0.077268459;0.020426058;0.050929536;0.043387391
0.023494805;0.039997049;0.061619247;0.068265182
0.022823522;0.017038199;0.003205086;0.045007447
0.037405655;0.029191846;0.029639648;0.068121106
0.01769251;0.049551798;0.029376709;0.035923141
0.04720871;0.051877075;0.048734306;0.081808259
0.013579561;0.038360527;0.011751373;0.047515811
0.029954601;0.042633275;0.035249628;0.057139881
0.001859151;0.050535076;0.026013199;0.052787636
-0.002914267;0.046725428;0.019791652;0.014635676
0.026016123;0.090470757;0.101392925;0.113013663
0.044599186;0.066619828;0.07039664;0.104625871
-0.013104305;0.035511349;0.034993708;0.047045552
0.01324997;0.053764548;0.073912699;0.033333886
-0.004121185;0.026329206;0.016697426;0.046132741
0.01585797;0.020895862;0.061713461;0.067141108
0.011397302;0.071006502;0.075343146;0.075373137
0.01725017;0.012561337;0.040064236;0.058318859
0.018497243;0.027607727;0.024425351;0.053178834
0.026324883;0.04666451;0.054245484;0.053504343
-0.010614485;0.01319634;0.04825895;0.015377006
0.017993716;0.014010301;0.052769583;0.051752203
-0.009561261;0.031363158;0.056051268;0.021531151
0.026769242;0.045798766;0.038195632;0.073481058
0.0106541;-0.016967403;0.026223132;0.031694552
0.017292199;0.035547807;0.047494394;0.044710252
-0.012670845;-0.013040827;0.037553084;0.030750924
-0.017398002;0.009128972;0.049390679;0.047266827
0.031502205;0.014224968;0.049358022;0.050207426
0.000238335;0.01646216;0.032933214;0.049426756
-0.00764798;0.014054609;0.05707453;0.023999434
-0.000604518;0.002574611;0.016530971;0.021508462
0.043030566;0.030026729;0.075426155;0.065764204
-0.016915758;-0.011571246;-0.005132862;0.043498418
0.005921947;-0.002957582;0.023395761;0.01703155
-0.01263936;0.015634119;0.031420773;0.036065276
0.002232205;0.014559724;0.021757384;0.0339106
0.034577941;0.013599202;0.049906068;0.045266824
0.008921921;0.013561479;0.032842307;0.035931235
0.010997652;0.02383688;0.046063935;0.058201392
-0.00442231;0.035489469;0.045681786;0.046058273
-0.001834174;0.006449003;0.030808321;0.031877184
0.046199114;0.063918989;0.074387679;0.058599935
0.015476382;0.003804658;0.008628012;0.055355657
-0.018393314;0.024503849;0.023337725;0.006944602
0.000965552;0.009035921;0.030733218;0.015928801
0.009367951;0.02652547;0.045294024;0.020668446
0.00680278;0.028583044;0.032301602;0.037600948
0.040473488;0.031828018;0.025092776;0.037943599
0.040540086;0.034606062;0.080519565;0.043318502
0.007766741;0.024971341;0.048041564;0.027617848
0.025661379;0.043883813;0.043591123;0.021534815
0.035774439;0.046483429;0.042827143;0.009018351
0.005215655;0.052983682;0.058335423;0.035171615
0.005918131;0.012920321;0.04581093;0.039059852
0.013425001;0.009956406;0.057627107;0.026126657
0.045760856;0.0442652;0.060003881;0.030683107
-0.018178949;0.032813898;0.033209411;0.010100666
0.014114266;0.048587243;0.049994668;0.019274512
0.047736747;0.058068576;0.057968989;0.050572675
0.004411979;0.017413549;0.036306294;0.012921866
0.00660397;0.024167204;0.059498096;-0.017868391
-0.014519029;0.030316711;0.06606;0.054236474
0.011373045;0.032968784;0.09825414;0.042241176
-0.003837103;0.046872679;0.038434647;0.014629274
0.021885181;0.038595067;0.059536978;0.029947531
0.00289006;0.030516454;0.041298719;0.020949367
-0.00651677;0.024628025;0.036288143;0.008483518
-0.004139123;0.023249155;0.035048942;0.011758388
0.035853064;0.063461145;0.05846652;0.050518419
0.033944993;0.036867374;0.056856239;0.044573522
-0.034119335;-0.000149047;0.04800171;0.004517451
0.026541982;0.044839668;0.04086039;0.048528443
-0.005154718;0.015226628;0.013821927;0.012154029
0.007707873;0.020689151;0.023889643;-0.010564481
0.012083401;0.051799717;0.065917835;0.056890555
0.00395948;0.040874659;0.045779667;0.013313157
-0.009625423;0.002201085;0.01321963;0.018278304
-0.003212194;-0.00458816;0.012160828;0.005603557
0.003272319;0.025176961;0.039849271;0.015222134
0.022104152;0.039159838;0.037139468;0.048426003
-0.008649053;-0.002382159;0.004727129;0.002365303
0.00520979;0.010505777;0.016990599;0.002529446
0.001076263;0.001647057;0.046414562;0.02780929
-0.007418942;0.020995063;0.027586385;0.019773172
-0.028471344;0.019215549;-0.014893377;0.001012737
-0.019885589;-0.005885486;0.004115435;0.007325641
-0.015747378;-0.014465395;-0.008914059;-0.008986293
6.68852E-05;0.017364306;0.00499676;0.00560611
-0.006292326;0.026485934;0.037440351;0.030855713
-0.006561845;0.018003445;0.038601739;0.000737957
-0.001455215;0.023090891;0.026590731;0.014108203
-0.011011459;0.007482497;-0.002296149;0.022088011
0.022677856;0.034232275;0.011791214;0.042694679
0.004316133;0.018777364;0.01681047;-0.00146808
-0.019729067;0.009194334;0.009098531;0.000433395
-0.002691795;0.033114258;0.038145967;0.01764781
2.09678E-05;0.003265289;-0.008345648;-0.00511776
-0.001790844;0.016409708;0.044258881;-0.007605907
0.004658478;0.017344532;0.028537625;0.044961868
-0.009751587;0.025386833;0.038251938;0.030042963
-0.019153256;0.011374623;0.00593552;-0.021631795
-0.007702856;0.038745868;0.03681441;0.055360095
-0.008998037;0.027835436;0.045921828;0.023147988
-0.019710621;0.006395887;0.018400032;0.00766343
-0.004789788;0.02832755;0.010776731;0.017991473
-0.020977936;0.023550938;0.031171743;0.029692812
-0.017148661;0.035483292;0.019963976;0.017557114
0.007847807;0.033931696;0.040677611;0.018790852
-0.001900758;0.028513441;0.043808059;0.012875905
-0.015388554;0.042501042;0.028102653;0.025325567
-0.005768216;0.018415892;0.034700841;-0.007464365
-0.011609121;0.007733151;0.019493623;0.017694748
0.005062448;0.015088186;0.035568728;0.039099115
0.006849743;0.034941179;0.035130069;0.026474049
-0.021892253;0.03603707;0.032630374;0.014901215
-0.001056582;0.044948002;0.036481566;0.011133227
0.008752181;0.047941043;0.018743486;0.041072663
-0.005199634;0.033505072;0.062986491;0.077173476
-0.001442051;0.038564118;0.022180191;0.012443784
-0.007482783;0.03477265;0.019879564;0.033338058
-0.003345602;0.005768133;0.03355517;0.03992729
0.0342982;0.054994588;0.059302003;0.044539007
-0.013280372;0.019137646;0.026453606;0.013417057
0.005289514;0.022572899;0.062487047;0.053642057
-0.005004181;0.025753289;0.024851536;0.047066987
0.023237558;0.048769159;0.034680699;0.04817822
0.015521597;0.032744913;0.040589102;0.034869461
-0.001294348;0.044708335;0.051573144;0.053515175
0.027215414;0.017367553;0.044427606;0.029440545
-0.002117715;-0.004103153;0.048969231;0.006249283
0.005470874;0.032580271;0.046186154;0.057086323
0.025848823;0.041457188;0.017015872;0.064531574
0.023646025;0.02982504;0.047334334;0.062482545
0.001265102;0.006256806;0.036105102;0.006885529
0.000466883;0.011349112;0.042123713;0.032854631
0.030674367;0.045143965;0.02893044;0.055996524
0.032188114;0.049462911;0.071409302;0.06425428
-0.003271029;0.004348892;-0.005322778;0.04802816
0.007587412;0.034279639;0.052438031;0.04256639
0.03789923;0.074502712;0.062127549;0.079323316
0.021823363;0.029089248;0.033376664;0.05064211
0.005077646;-0.010710035;0.040709829;0.023999315
0.009575091;0.025617046;0.058217042;0.056562921
0.013992729;0.031323099;0.033500157;0.046367479
0.010483532;0.021070248;0.020982335;0.04733966
-0.004964404;0.021359441;0.023150534;0.022901078
-0.014652478;0.047111658;0.036378204;0.050305985
0.019463365;0.040585077;0.060615582;0.059130967
0.005540212;0.03623103;0.033819915;0.051625265
0.007806819;0.032097109;0.036839101;0.060334652
0.018305932;0.059150947;0.048449553;0.051266115
0.027977779;0.061254809;0.071545041;0.073338566
-0.002519608;0.012607989;0.0185378;0.05485488
0.007634429;0.038936189;0.033601351;0.029404983
-0.004579328;0.028650607;0.044797353;0.025562602
-0.011210017;0.04837891;0.039647416;0.043346866
0.008302771;0.032875817;0.05696933;0.06960995
0.000698298;0.053711445;0.071900674;0.030466438
0.004133635;0.045900379;0.041963974;0.053397627
0.004861056;0.018232668;0.041436599;0.03529025
0.021437861;0.059106133;0.082672385;0.075455946
0.014671023;0.055354473;0.062642275;0.045169332
0.015134864;0.07312785;0.077964084;0.070667019
0.03163172;0.040298417;0.055253578;0.058257643
0.038985082;0.046069393;0.073742307;0.059646595
0.024516358;0.035198528;0.065571848;0.043133537
0.045936309;0.068074732;0.086065845;0.082540518
0.064608367;0.060594958;0.090469878;0.084155445
0.038692267;0.045898419;0.080773283;0.045846605
0.01665233;0.039778812;0.066091099;0.047051241
0.062568404;0.062243688;0.103592017;0.08893886
0.056466713;0.049507228;0.065959698;0.070629436
0.03820278;0.061145648;0.076912276;0.067178899
0.054496491;0.062981905;0.070979334;0.071874924
0.034233653;0.026578965;0.056919189;0.057836952
0.057022098;0.063114842;0.086752935;0.065006272
0.050432499;0.061171637;0.068354781;0.060353431
0.084073415;0.051903333;0.087575218;0.096044861
0.051758278;0.036088368;0.065263515;0.066222519
0.066528209;0.064437135;0.078889418;0.06689863
0.047275264;0.039219125;0.061474867;0.076788611
0.049860759;0.060311899;0.079120098;0.049085271
0.050062722;0.028370548;0.062854718;0.059198279
0.089315364;0.042766787;0.077073707;0.093779882
0.039492186;0.051048329;0.06469409;0.055305386
0.032524812;0.043391508;0.064959456;0.068245298
0.08837656;0.039214515;0.069260767;0.094845299
0.079236752;0.041990095;0.06413593;0.08592641
0.047323803;0.025287424;0.087517095;0.05363374
0.036713163;0.02269222;0.043401398;0.068238188
0.058561181;0.015315137;0.057408914;0.084407834
0.047134095;0.020934642;0.085172672;0.062760275
0.069378914;0.041084452;0.056059016;0.066395004
0.084074276;0.070934831;0.110887254;0.105379474
0.138110355;0.104215738;0.167298878;0.159604558
0.204795342;0.205739423;0.250678805;0.24846409
0.26054926;0.277832142;0.313168936;0.322375105
0.237797113;0.325650554;0.361618;0.344419016
0.231589786;0.376870464;0.442956051;0.438582051
0.272812341;0.425048597;0.438304224;0.479587994
0.263204185;0.39909509;0.462029154;0.519797819
0.249706088;0.413539961;0.4118026;0.585069262
0.230840081;0.390037642;0.319465641;0.616968452
0.182835794;0.388484488;0.256684636;0.581991132
0.204102974;0.409029941;0.244405919;0.601539127
0.207717266;0.355126667;0.23171929;0.533413646
0.194005266;0.346862429;0.23762799;0.52130736
0.224202156;0.35101951;0.297892822;0.493624941
0.190387986;0.335070696;0.316981067;0.485720589
0.185924525;0.316541918;0.312994373;0.454854817
0.182013357;0.276230187;0.307603818;0.443355155
0.160599603;0.244929519;0.300875342;0.446783295
0.136135475;0.22484503;0.301001316;0.426362083
0.129945392;0.203337873;0.276516912;0.380906869
0.123681428;0.181891645;0.262737986;0.372539199
0.121845595;0.169460707;0.247204638;0.351465514
0.111416996;0.171412281;0.238640094;0.341307995
0.108708407;0.172379056;0.217283473;0.315466247
0.112175141;0.172182177;0.212037023;0.301529158
0.108821784;0.164121005;0.199305605;0.272990923
0.098511229;0.173246821;0.199521384;0.275396677
0.095403028;0.18373454;0.213231893;0.284385446
0.107870059;0.208058065;0.212662007;0.29795591
0.112105533;0.211413757;0.217045214;0.294077134
0.137583655;0.225871091;0.238252728;0.301789429
0.139949559;0.230416819;0.246784184;0.303652343
0.141377444;0.231231402;0.255358724;0.317142047
0.129808446;0.223767766;0.250782129;0.307876468
0.127544895;0.223970301;0.262057602;0.318156197
0.128878731;0.214556267;0.275089428;0.312671393
0.125674087;0.195335301;0.285782558;0.300685488
0.124124706;0.196603574;0.294746062;0.294642679
0.122811096;0.192065689;0.291104831;0.290909328
0.108105733;0.175600609;0.269738279;0.276572248
0.099863246;0.176086471;0.266295448;0.2617555
0.102314782;0.172843607;0.251814262;0.262269863
0.096872362;0.166874243;0.232670597;0.264866782
0.086734764;0.164380659;0.227121393;0.256133095
0.082437621;0.157216192;0.20805441;0.253071303
0.07601436;0.149266395;0.20139275;0.243782674
0.06476483;0.154299916;0.204141545;0.247123858
0.069029002;0.149658389;0.196790734;0.250450702
0.073183175;0.131677137;0.179462296;0.241383085
0.072930511;0.122690648;0.167198846;0.22761181
0.056358116;0.12100547;0.177592023;0.220940148
0.04676483;0.123313002;0.18998131;0.215467225
0.047443962;0.128174902;0.187323131;0.216087685
0.062255727;0.128094598;0.188160221;0.216576465
0.061476846;0.126390126;0.195259184;0.222817853
0.06575688;0.136160106;0.194313991;0.231963301
0.071913271;0.133600492;0.195111834;0.23728393
0.062030593;0.132821142;0.188879856;0.225706353
0.059853102;0.133024886;0.189512084;0.224962847
0.065068247;0.141662949;0.204933483;0.237072313
0.064614799;0.152495234;0.206833753;0.244360987
0.073533133;0.149574686;0.21461275;0.241004565
0.079285494;0.138029168;0.215181705;0.235737648
0.081280523;0.138766792;0.216708941;0.237482551
0.089605213;0.137469954;0.222146241;0.244502978
0.09109678;0.151294567;0.221001478;0.252941334
0.081007597;0.155806844;0.215029711;0.252414302
0.0823261;0.159198752;0.218547881;0.247382653
0.085451281;0.154642921;0.221319578;0.256513602
0.092117097;0.158396311;0.22445164;0.272903154
0.094973394;0.163615213;0.229152492;0.271170483
0.090917385;0.157498513;0.221358408;0.268323777
0.083781839;0.149305889;0.225278796;0.270395097
0.078610447;0.145447005;0.22226598;0.26480724
0.079592322;0.151641729;0.21685987;0.266164876
0.06502241;0.145549761;0.196870457;0.249266102
0.056251719;0.144590192;0.200149072;0.248429052
0.063705515;0.156288686;0.213219979;0.265329906
0.06511839;0.162540476;0.21431082;0.274447727
0.064991558;0.152277042;0.208256597;0.278916088
0.057973749;0.141465386;0.202234815;0.268511531
0.051260282;0.136263697;0.196541579;0.261167055
0.057919164;0.139789787;0.201897606;0.272720319
0.073256278;0.146795253;0.21325721;0.279210635
0.075458298;0.142214901;0.210148712;0.278455185
0.074814744;0.138953934;0.209027519;0.284970938
0.079582181;0.146143458;0.213576196;0.283719726
0.085636964;0.157048252;0.225062098;0.29282276
0.069668079;0.145020601;0.20759366;0.286806429
0.064518263;0.138299933;0.201061232;0.285857416
0.066118565;0.143016163;0.199805018;0.286108396
0.067913375;0.144834231;0.198217086;0.285264249
0.072226257;0.14451751;0.206789582;0.287250757
0.065670044;0.136312764;0.204961011;0.285395101
0.066839164;0.1376486;0.208089812;0.289020045
0.065269551;0.141341405;0.202564247;0.28241196
0.063522507;0.135358933;0.204528346;0.280275229
0.055770183;0.123109421;0.199845665;0.28121247
0.043828833;0.119075033;0.198054108;0.27477581
0.043263398;0.11953697;0.196732374;0.271123422
0.050108552;0.125292909;0.199813319;0.262883811
0.063183182;0.130145583;0.199570274;0.273947837
0.063697304;0.128642364;0.20336163;0.273924601
0.057645616;0.13481313;0.20054437;0.274018082
0.052974883;0.139040406;0.206355513;0.27492962
0.047689112;0.132738418;0.194223477;0.267180656
0.052585153;0.126942157;0.205401442;0.266471687
0.055491011;0.127025827;0.203479288;0.271886915
0.058312278;0.125469025;0.215172582;0.284619812
0.056940431;0.130533325;0.211703071;0.277878228
0.055666212;0.133314727;0.21399995;0.279624305
0.048676462;0.132183438;0.205895857;0.27514904
0.049637603;0.130074908;0.194058505;0.279980739
0.052520002;0.136676379;0.199760222;0.278291298
0.054992562;0.132682444;0.207497418;0.279002345
0.051790436;0.127650376;0.208712444;0.288252911
0.049052165;0.130337669;0.208710214;0.281697164
0.046509354;0.136469238;0.206776834;0.287838862
0.055298093;0.138963716;0.209648859;0.301298628
0.057948538;0.142071785;0.214586415;0.302316267
0.059615295;0.145175671;0.214589884;0.304901895
0.055020677;0.133418978;0.213568867;0.300464216
0.053090228;0.132682975;0.214788986;0.295136535
0.055142786;0.136898861;0.213056591;0.294499563
0.06059122;0.142034162;0.213453652;0.302625846
0.060825666;0.137733572;0.204265774;0.302893586
0.057884278;0.141500536;0.208473585;0.304128089
0.053050131;0.142967814;0.205486647;0.304548934
0.05194531;0.137425095;0.210624984;0.309105121
0.050566007;0.12721662;0.209131566;0.303041824
0.047644818;0.129248733;0.20528686;0.302256625
0.051009311;0.132929753;0.212243065;0.304864193
0.052391432;0.146751249;0.224652623;0.311781643
0.056695467;0.147719572;0.226596464;0.319730698
0.058679992;0.148847017;0.230016202;0.323931538
0.060266952;0.144921167;0.223174705;0.32508513
0.05957936;0.145576688;0.222644948;0.321803663
0.060100142;0.147936414;0.226066437;0.324499229
0.065680283;0.151568521;0.233418644;0.322689579
0.067899655;0.15208973;0.228654053;0.322087207
0.069792254;0.159558472;0.234357596;0.325362714
0.067801078;0.156631527;0.232615762;0.323123307
0.072185589;0.160997534;0.231833627;0.325241473
0.072999077;0.163133648;0.234106589;0.332949471
0.075105512;0.163573563;0.243390956;0.343467639
0.069335809;0.158948141;0.243245632;0.344243199
0.0701388;0.15482609;0.244609618;0.347126925
0.056640846;0.151620773;0.237239922;0.338753747
0.060169279;0.152273465;0.241056578;0.334683742
0.062625996;0.158555689;0.24309521;0.335237354
0.06376209;0.163875236;0.24781937;0.342811428
0.059569259;0.156289407;0.24279802;0.334043033
0.07103308;0.162431327;0.255200651;0.348745014
0.068556509;0.161818268;0.255290226;0.35103456
0.060805583;0.161349189;0.255479608;0.353774276
0.072524118;0.165385668;0.263157433;0.362917594
0.075942709;0.165125353;0.265652128;0.36526276
0.078246051;0.169677287;0.268536568;0.363872902
0.074647531;0.160737369;0.269880458;0.359289452
0.073263942;0.159824124;0.271224302;0.363581346
0.079019942;0.165577164;0.277211511;0.367903165
0.086207511;0.167063466;0.279905223;0.374208036
0.088922708;0.178540512;0.285086089;0.380104986
0.094162043;0.190709116;0.290565788;0.387212323
0.090313222;0.196055605;0.297123223;0.38742638
0.099183772;0.196178257;0.294977555;0.38712322
0.110645337;0.201978102;0.297544994;0.391354696
0.120923267;0.217011908;0.308495716;0.403871482
0.117251874;0.217809579;0.307345433;0.400759691
0.119922328;0.217864848;0.311852675;0.400744266
0.121200331;0.218585028;0.316007718;0.39750037
0.120833515;0.219102304;0.310685592;0.399822577
0.126144822;0.220591749;0.313798527;0.410679433
0.132184522;0.223726815;0.315343732;0.404885571
0.130876033;0.22140007;0.324216673;0.403988074
0.131360784;0.221223131;0.326369887;0.403792745
0.13621192;0.220970103;0.329355632;0.406181133
0.13392272;0.227163378;0.321619702;0.406079528
0.128579214;0.225049262;0.310222774;0.407181248
0.130595451;0.225020832;0.305709512;0.406838544
0.133350439;0.229114678;0.321664452;0.413105222
0.127644119;0.222208457;0.322681046;0.411974589
0.133798415;0.22333603;0.323549608;0.409100067
0.127925469;0.219636035;0.318575537;0.412595195
0.125573505;0.220529413;0.327958539;0.412269929
0.126813459;0.221968615;0.32151549;0.41031707
0.121781014;0.218377342;0.314517028;0.412710971
0.119151468;0.21659784;0.319485345;0.415185743
0.121603639;0.219195045;0.324036069;0.419302562
0.11961898;0.216636368;0.324217608;0.413107231
0.120000653;0.218796935;0.323689089;0.418900044
0.117634075;0.21909753;0.323535654;0.420983475
0.119333273;0.217541838;0.32995824;0.425897156
0.11522837;0.21673303;0.326029982;0.42565713
0.114157823;0.22020589;0.328750398;0.426346327
0.112815209;0.21978;0.329524905;0.42576992
0.121398062;0.22342604;0.330821933;0.428490149
0.124074228;0.224759051;0.329624142;0.430065998
0.119692126;0.224232333;0.326681958;0.428277958
0.120351883;0.219238155;0.32830742;0.420475952
0.11740831;0.219133126;0.330895285;0.428831529
0.114328521;0.22127751;0.332017991;0.43381017
0.115689829;0.219092419;0.329484887;0.442656551
0.118914606;0.220914989;0.328819591;0.441114331
0.118351304;0.224388416;0.336277657;0.448372557
0.113014182;0.219752252;0.33845595;0.447778026
0.117059571;0.22212301;0.33480702;0.452329201
0.116274121;0.219129956;0.33807033;0.449367605
0.120516948;0.227628975;0.342721991;0.463276601
0.125599242;0.230765128;0.338639307;0.471971485
0.125476532;0.230977895;0.344249907;0.467853252
0.118501392;0.228289109;0.344226613;0.472493978
0.123339597;0.233798418;0.344342776;0.479183829
0.122588853;0.235997232;0.350246986;0.480888782
0.127430633;0.238744246;0.355990426;0.485768426
0.123461669;0.235722746;0.362072002;0.487860316
0.122931107;0.239705157;0.362602862;0.496397078
0.118087595;0.235214573;0.366426015;0.48739031
0.112430495;0.239088626;0.366337288;0.487223814
0.10988092;0.238809575;0.369587448;0.482246723
0.119351639;0.244088661;0.377842491;0.492533054
0.122533525;0.242439252;0.375284317;0.49436198
0.116390255;0.242127204;0.379706613;0.487828523
0.114846854;0.240598093;0.386794885;0.487971656
0.121344256;0.24635284;0.392355236;0.496400861
0.112857338;0.243443483;0.387784795;0.497492459
0.117325646;0.243823975;0.391295788;0.498278192
0.117125801;0.244543554;0.391967905;0.497661568
0.119752177;0.245563501;0.394466651;0.508043352
0.116116371;0.249483052;0.392366031;0.502707634
0.11741063;0.253682016;0.410340539;0.505075199
0.115273316;0.257192804;0.409829023;0.505320505
0.117879084;0.25619899;0.408900274;0.507118226
0.116516233;0.256761722;0.40075202;0.502565619
0.117872618;0.258936525;0.406329682;0.506791302
0.117084922;0.256921514;0.399504186;0.50404075
0.114728199;0.261760167;0.400371773;0.500857842
0.116533057;0.265070118;0.399984278;0.500785409
0.116692798;0.265195956;0.393426653;0.500320748
0.115792941;0.26806692;0.400455322;0.499760376
0.113797344;0.266404567;0.401933201;0.496906054
0.116519747;0.267376626;0.389520493;0.492556654
0.116094982;0.271788722;0.389635124;0.502608993
0.118150001;0.273982023;0.385301199;0.500959565
0.119545736;0.276279121;0.386587659;0.500678954
0.11240828;0.272344477;0.38561287;0.501166304
0.115625661;0.277981873;0.386732001;0.508074492
0.111987992;0.282714385;0.397664308;0.501552006
0.114864076;0.281918854;0.389173551;0.502780302
0.114365943;0.272949505;0.378166697;0.507776026
0.111266442;0.272624856;0.372084037;0.503418909
0.113713076;0.271886361;0.375861586;0.497567827
0.116906175;0.274565457;0.38598534;0.505115421
0.119613117;0.273640883;0.386860725;0.505849009
0.114103774;0.270911848;0.380655668;0.516505759
0.114439731;0.261234071;0.381299682;0.517279548
0.117656026;0.25856889;0.382400124;0.519111657
0.115825025;0.259474135;0.379531511;0.501782217
0.112961702;0.257759554;0.371962998;0.509394649
0.114408624;0.244569389;0.365268306;0.515121424
0.121222381;0.246830212;0.380624125;0.505145625
0.120042177;0.241476014;0.375927074;0.505115311
0.11159453;0.246163895;0.363289412;0.512332334
0.115644878;0.238241985;0.357097301;0.509093489
0.116497724;0.234236012;0.356697628;0.505060829
0.119031597;0.227131344;0.365508285;0.497231981
0.121071389;0.229411408;0.37508863;0.504432284
0.116796282;0.225724923;0.361539729;0.49620956
0.114406267;0.213843458;0.361695478;0.507300368
0.114577716;0.209039041;0.355895538;0.49303623
0.117502604;0.206420459;0.355692314;0.499749291
0.119056302;0.21073526;0.360373733;0.501802302
0.11980257;0.207467215;0.356075564;0.503773994
0.116657971;0.20136991;0.343745651;0.490608938
0.117161593;0.202474084;0.342683908;0.486029133
0.113034646;0.202756302;0.341780487;0.480672752
0.112168283;0.202689974;0.335255659;0.475572324
0.111522536;0.190928262;0.328896002;0.467451407
0.111271823;0.186943111;0.321131651;0.454109531
0.111232563;0.18504004;0.324943512;0.448057863
0.107766556;0.180302697;0.317251114;0.448706515
0.106622929;0.176229195;0.308423358;0.444018927
0.111754369;0.174861935;0.301357389;0.433592969
0.120739973;0.172010961;0.296524577;0.431835791
0.116760442;0.173811341;0.298707603;0.4294923
0.115217602;0.177614196;0.298305606;0.430818827
0.116314292;0.173012757;0.299292623;0.425316859
0.113288253;0.172648719;0.298301099;0.413260087
0.110773915;0.165433166;0.293165218;0.410836723
0.116260215;0.158326146;0.291933629;0.402109592
0.116447449;0.162483052;0.280346714;0.394906046
0.112186551;0.161983389;0.272646657;0.38842247
0.115361087;0.153379468;0.264950168;0.383510765
0.112477839;0.14865754;0.257413224;0.376276836
0.112337563;0.142929233;0.247228033;0.375990804
0.106518023;0.140444331;0.232916293;0.364785635
0.105009468;0.14260154;0.235662766;0.35458142
0.102778935;0.140658298;0.221717051;0.350631425
0.099213782;0.138516547;0.209002424;0.346206988
0.094229397;0.129592022;0.208543709;0.342458495
0.087877203;0.121726576;0.203074097;0.340032546
0.084738122;0.115314437;0.201378388;0.330151617
0.078594285;0.12210936;0.196844687;0.31783954
0.071691938;0.116686497;0.198703278;0.310909708
0.071574396;0.103302512;0.191761724;0.320015227
0.062934542;0.099321374;0.175937983;0.307883211
0.059475204;0.096408921;0.165572744;0.299378554
0.053186982;0.09796041;0.148995288;0.2879334
0.052938389;0.095290335;0.130896209;0.265632422
0.048432337;0.094260044;0.146356392;0.249025969
0.033808365;0.089680878;0.158024878;0.23583221
0.037989982;0.090669836;0.140378419;0.219234087
0.033872172;0.086296275;0.136025586;0.21686076
0.026564245;0.080690956;0.133002701;0.211471062
0.026764136;0.080453166;0.134030785;0.201849023
0.028906298;0.077527124;0.131026138;0.199277959
0.025247822;0.074127556;0.128513618;0.198420965
0.021864876;0.07574927;0.128536346;0.195735211
0.018770524;0.076146159;0.13934474;0.192177327
0.01941475;0.080076576;0.136755551;0.184246555
0.026048908;0.08228918;0.119026453;0.184014541
0.022613654;0.082738476;0.105007276;0.183253684
0.025230646;0.079992601;0.114788743;0.174646382
0.024026182;0.081405501;0.116684204;0.162588872
0.021854933;0.080398386;0.116216553;0.166955573
0.018951379;0.079492949;0.116886742;0.17059249
0.016022083;0.075315813;0.111672779;0.167546748
0.01195004;0.062436681;0.108622502;0.155853905
0.012250408;0.059500399;0.106955496;0.155511316
0.008668123;0.063117679;0.107365473;0.153397549
0.017310958;0.052949606;0.099409736;0.143570083
0.015948473;0.048806855;0.093676826;0.141872865
0.006157612;0.048278281;0.088166993;0.130953816
0.005511095;0.04981088;0.087577322;0.135063212
0.021856991;0.059793386;0.094651339;0.148094691
0.027183678;0.063754355;0.098557777;0.162938599
0.035386489;0.069166463;0.103563317;0.172953188
0.039078777;0.071894595;0.104569332;0.180448613
0.043959891;0.079842245;0.113489912;0.184866911
0.048025277;0.085766181;0.120892856;0.190839681
0.055616019;0.091264599;0.129428402;0.197557593
0.062973461;0.098500663;0.132311385;0.201756931
0.061272818;0.104618077;0.132226253;0.197281672
0.061378583;0.108675591;0.132293524;0.197030909
0.059998369;0.10642547;0.131597983;0.195819915
0.063281184;0.113845946;0.137796036;0.196459442
0.065969453;0.109777971;0.13487858;0.194282032
0.071215045;0.112827058;0.139181821;0.194901969
0.066938224;0.109534473;0.135337068;0.193273368
0.064328844;0.11025333;0.139574679;0.194329514
0.064188633;0.116973792;0.144911363;0.189508847
0.066090761;0.113645358;0.152108736;0.186313985
0.067059137;0.118785867;0.151914119;0.184310775
0.06903913;0.119181625;0.154099475;0.185394501
0.072264629;0.119902461;0.156497991;0.189228251
0.072789518;0.120792954;0.155544102;0.188093728
0.077555728;0.122093754;0.15320234;0.187637128
0.076855912;0.12122837;0.152026438;0.182723278
0.083568827;0.120250461;0.152199089;0.185922843
0.078759315;0.11748717;0.150774453;0.185608914
0.080297734;0.119251588;0.14990828;0.186865324
0.081515667;0.11656462;0.150957772;0.184275548
0.082477852;0.118940544;0.151574749;0.186403141
0.081059789;0.117542807;0.149778091;0.182865944
0.0836729;0.117718725;0.154324548;0.182834249
0.081388447;0.116624275;0.149165313;0.176857574
0.081154721;0.113590554;0.145931168;0.174573927
0.083257296;0.113904231;0.145383661;0.174687245
0.081658699;0.110565417;0.142459813;0.171185077
0.072535579;0.103704177;0.136615161;0.157844029
0.071100545;0.104006496;0.134169174;0.153013748
0.068969742;0.102702841;0.131416168;0.149202816
0.067859515;0.10002135;0.128175737;0.143350533
0.063456289;0.095273915;0.123405647;0.136363663
0.063745821;0.093516423;0.120513202;0.13075674
0.055330044;0.086421046;0.117861483;0.129801086
0.050096656;0.081381948;0.111291391;0.11983292
0.037726595;0.074934356;0.104568492;0.116370224
0.032582;0.068359403;0.099230365;0.109340026
0.027509238;0.064972221;0.094548164;0.106858822
0.022139412;0.056427892;0.09283557;0.102810122
0.016870647;0.049998859;0.085073732;0.099137834
0.015474055;0.043462952;0.083819424;0.092505332
0.011984084;0.04126739;0.077609565;0.088768626
0.009963356;0.036359539;0.074438678;0.087993167
0.00926122;0.034996076;0.067389987;0.078497748
0.00939539;0.033772744;0.060260855;0.074736021
0.014764406;0.034402437;0.061621563;0.070222752
0.012679246;0.033171747;0.057518001;0.065661043
0.007644111;0.039549886;0.058559432;0.063295458
0.006249216;0.034625424;0.057290264;0.059582306
0.005263901;0.031463597;0.054278723;0.05770342
0.001196302;0.025702456;0.049500773;0.055193184
0.005219889;0.027337185;0.053414374;0.058018122
0.005759183;0.029653331;0.050859711;0.057510584
0.008695406;0.03132225;0.052170112;0.058842763
0.011077405;0.03471615;0.053710038;0.05883337
0.00898718;0.032726542;0.050473362;0.059810297
0.014086733;0.034491836;0.051215731;0.058535946
0.014383275;0.03668117;0.051035191;0.05942664
0.013904668;0.037360319;0.053500016;0.061892785
0.012214934;0.035384112;0.051109323;0.060411989
0.015716733;0.037825937;0.054019327;0.062009279
0.016108498;0.038090069;0.054875786;0.062697553
0.015804763;0.039006515;0.054135639;0.06417704
0.017982734;0.039743108;0.054869998;0.065047374
0.015631223;0.03847024;0.053858923;0.062427893
0.01471239;0.036348511;0.050934547;0.061844027
0.015697544;0.038954083;0.051458459;0.062317024
0.017616102;0.038428369;0.05102167;0.063168575
0.015861319;0.037214964;0.049044184;0.061472568
0.018863492;0.038212461;0.04991762;0.060842484
0.018583895;0.036379441;0.051150269;0.060115886
0.017681417;0.037660987;0.04988793;0.061167346
0.015086738;0.036968962;0.051599197;0.06384878
0.013120316;0.036010127;0.049278329;0.061473142
0.014418855;0.037991775;0.054868827;0.062603659
0.014471486;0.037278036;0.055028646;0.061137773
0.014020126;0.038144377;0.051962558;0.063018613
0.014089283;0.039459259;0.053822656;0.061380587
0.012011719;0.039780194;0.05473159;0.059314187
0.011092916;0.038710159;0.053555364;0.059700381
0.013529064;0.038444581;0.055024559;0.058372568
0.012019234;0.042562215;0.056407932;0.060092186
0.011713073;0.039956802;0.052247153;0.058122613
0.010228436;0.042208854;0.053638935;0.058854156
0.011612255;0.04090184;0.053303256;0.057823301
0.010815283;0.040015459;0.051558545;0.060322367
0.012685347;0.043628035;0.051582202;0.059679994
0.012755369;0.043663325;0.051846275;0.05945423
0.012595987;0.042460469;0.049075274;0.062740708
0.015551792;0.046760111;0.05429962;0.062875919
0.016187125;0.046384535;0.051756885;0.060729522
0.017580398;0.045845626;0.051522754;0.061905387
0.014614569;0.044621409;0.051242416;0.060473814
0.018511913;0.04884798;0.055551706;0.063913415
0.01908335;0.047549888;0.056380837;0.0663516
0.020320239;0.049024069;0.061771295;0.068580484
0.021088919;0.050072996;0.061004292;0.068668987
0.021945659;0.0529767;0.065296472;0.069132513
0.022015193;0.052087408;0.066082937;0.069478953
0.023930372;0.054994601;0.069778208;0.070445111
0.025473841;0.058429086;0.070955897;0.070780296
0.023902242;0.057215931;0.072292361;0.068824362
0.027879013;0.061622045;0.076127796;0.070442968
0.025348706;0.060663597;0.074665001;0.068624058
0.024719659;0.059694807;0.075474073;0.069996222
0.025990248;0.057645716;0.077680959;0.071293763
0.026773991;0.060598161;0.077755011;0.073772019
0.02267104;0.054721824;0.076479527;0.068591974
0.025035441;0.056976508;0.077835249;0.071615868
0.020955835;0.055221799;0.075744875;0.072291384
0.021753489;0.058138438;0.076866874;0.073506472
0.021434778;0.05419217;0.075195907;0.075185363
0.02012786;0.055639341;0.077902571;0.075753444
0.019703575;0.056228655;0.075905113;0.078244024
0.017991785;0.057225692;0.079251377;0.079476215
0.014895059;0.057186659;0.076413795;0.078851904
0.013715829;0.056236928;0.078432807;0.079347466
0.015679073;0.056739342;0.079318721;0.080296913
0.017066038;0.057865859;0.081179937;0.079831907
0.019500617;0.061047413;0.085083946;0.083964086
0.021213584;0.0660978;0.087012553;0.085496718
0.025575328;0.061779779;0.087676088;0.083296109
0.029458878;0.064062455;0.088504615;0.082649963
0.032014053;0.066413567;0.091015007;0.086106466
0.03063376;0.067435392;0.08988351;0.087208351
0.033341676;0.068329226;0.092320705;0.088155597
0.032370801;0.066363786;0.089666996;0.088412249
0.03186397;0.068981334;0.087262681;0.090198279
0.034456782;0.068348802;0.090003776;0.092001131
0.033718962;0.068469641;0.089409951;0.091580768
0.034836503;0.067954535;0.088279475;0.092535505
0.036160155;0.06705684;0.091869833;0.094049853
0.036244318;0.064279729;0.094226881;0.093427906
0.038783317;0.064685384;0.09479623;0.092604837
0.037116207;0.063485286;0.100623623;0.093926524
0.037190134;0.063665206;0.104880064;0.097563289
0.038028988;0.066311569;0.103430854;0.095860319
0.037436775;0.067323894;0.107444881;0.09852159
0.037701488;0.069547585;0.109494541;0.104809119
0.03857363;0.07520651;0.114964741;0.111608948
0.03930716;0.08250804;0.119326993;0.11649368
0.038013695;0.086565537;0.119837588;0.120957786
0.040330972;0.093238342;0.123754927;0.125668942
0.042282698;0.101046777;0.127576519;0.136218983
0.037076916;0.102179161;0.131466834;0.135254364
0.037554794;0.107729297;0.130816445;0.137324283
0.038464718;0.11057327;0.131429699;0.138848929
0.038597413;0.111152931;0.133393101;0.143221888
0.036546359;0.105296332;0.132558102;0.141172894
0.035991651;0.100517314;0.131466952;0.141130557
0.039796646;0.096945241;0.132594959;0.141460091
0.03810652;0.091237751;0.134524283;0.14860235
0.038206438;0.090721886;0.13340388;0.147691157
0.038372538;0.089598719;0.135093841;0.150827443
0.035620016;0.089057432;0.135802328;0.154462594
0.038183726;0.086716387;0.138427299;0.15463637
0.04187372;0.086155789;0.138621104;0.15527322
0.038615622;0.084568377;0.137469282;0.154074638
0.038552345;0.08900908;0.137401555;0.158210323
0.036564351;0.091550719;0.144741905;0.160510889
0.034107966;0.093178383;0.145793029;0.163205987
0.036612342;0.099649141;0.149625981;0.167977636
0.0377535;0.098176151;0.151670953;0.16386515
0.031521561;0.098355296;0.15002093;0.156142626
0.032913001;0.102517238;0.149001955;0.156343179
0.023300733;0.099333947;0.147621443;0.146854766
0.018710477;0.100731951;0.148563367;0.146756453
0.01428062;0.094841922;0.13874554;0.139869391
0.009719089;0.094633665;0.139312536;0.134836678
0.00735266;0.096901135;0.138348607;0.136588312
0.003634354;0.094433053;0.134918927;0.137960561
0.000180295;0.100042834;0.129949079;0.132970487
-0.005593342;0.096675075;0.128185822;0.13119858
-0.000816743;0.097966564;0.124354231;0.130151558
-0.006040532;0.097993185;0.124959845;0.131565058
-0.008867578;0.097412255;0.120692635;0.131126525
-0.008300085;0.091451267;0.116299482;0.127696914
-0.01029829;0.087344487;0.11212342;0.125222402
-0.013602009;0.084722782;0.113227835;0.127752869
-0.013641629;0.081344581;0.110515254;0.128049553
-0.010353866;0.078611026;0.116058359;0.123265078
-0.005285342;0.076824808;0.114631783;0.123002751
-0.005152571;0.075779676;0.109344019;0.121438681
-0.003512823;0.070963706;0.103112816;0.119384195
-0.000733881;0.075047262;0.104809405;0.118582771
0.000427241;0.072543872;0.101348852;0.120334539
-0.001014293;0.069309691;0.098726409;0.11514195
-0.002024409;0.066821084;0.098165726;0.115418062
-0.003288358;0.063197572;0.096535336;0.115861747
-0.001492999;0.065976288;0.094362762;0.11707337
-0.002184933;0.062962711;0.096499534;0.118380238
-0.001226548;0.070510036;0.099900892;0.124374571
-0.007476749;0.063776704;0.101762054;0.124429632
-0.005557762;0.070933552;0.100121069;0.125612212
-0.009442999;0.067971171;0.097716414;0.126262593
-0.005992932;0.066761683;0.09569753;0.130049052
-0.015530193;0.060550826;0.090830956;0.120455654
-0.01488411;0.064164223;0.090576245;0.121924071
-0.010602073;0.064825768;0.094682838;0.128151821
-0.007542784;0.060670282;0.087624648;0.118806895
-0.006974129;0.063418333;0.09043319;0.122986086
-0.005831774;0.06310096;0.089924095;0.118350716
0.000982798;0.067139245;0.09400928;0.122507655
0.007932383;0.072253557;0.101520768;0.132543281
0.009270595;0.074855865;0.109756191;0.144336144
0.014014253;0.077875351;0.116769414;0.145628717
0.017336967;0.081116813;0.121843864;0.150753019
0.018784448;0.088709789;0.127195015;0.158071534
0.02246218;0.085305638;0.128904693;0.159625849
0.017935226;0.087478517;0.133356521;0.163615006
0.017507335;0.086661341;0.131525032;0.161861135
0.019843903;0.090522378;0.129067611;0.164287533
0.022637151;0.093754556;0.126724857;0.162986015
0.020060052;0.083406268;0.115381365;0.162268893
0.020400956;0.087344691;0.112214596;0.159258843
0.019624828;0.083829477;0.111059073;0.161530945
0.021422225;0.084857405;0.104298692;0.160037767
0.018127529;0.077269036;0.101769732;0.160018334
0.022123334;0.083223685;0.109787584;0.159699378
0.018720656;0.078289374;0.104330097;0.146571085
0.018754809;0.086388675;0.108545491;0.152711643
0.024292217;0.081393292;0.102984948;0.142596899
0.021410424;0.0813616;0.105171212;0.146444361
0.027728432;0.090934191;0.110260025;0.148754059
0.028458239;0.09053242;0.110098002;0.148908501
0.024850962;0.097512977;0.111822408;0.149670812
0.02872804;0.101118997;0.117107292;0.153226987
0.027828546;0.094386751;0.121377008;0.158608209
0.027069821;0.091425738;0.122233824;0.157861935
0.027895442;0.083772865;0.119348478;0.160659023
0.027960808;0.088328094;0.120719494;0.160185778
0.030180323;0.085964888;0.132215055;0.158613962
0.038722055;0.07607657;0.128464997;0.159671447
0.035096295;0.071829648;0.126633394;0.157953033
0.045016182;0.08045919;0.132979829;0.162722819
0.049723665;0.077106144;0.131777411;0.160716383
0.057381507;0.078983065;0.137581643;0.154923457
0.055843235;0.078241348;0.13098673;0.163601667
0.062355216;0.077076069;0.137224038;0.159562483
0.068447135;0.077257379;0.12809666;0.158235898
0.069659593;0.077072668;0.125332188;0.159924414
0.066400858;0.07707641;0.12817578;0.152561489
0.073147038;0.0752989;0.125719268;0.153550897
0.072512686;0.080587044;0.1222192;0.155446894
0.070122754;0.075716256;0.112480109;0.152469794
0.072595004;0.077497592;0.116298344;0.154357352
0.077365512;0.075481132;0.121459796;0.146184217
0.08230281;0.073464471;0.121227789;0.150882718
0.078006822;0.082250021;0.112346307;0.152937908
0.074197962;0.080245686;0.124232261;0.160219409
0.078500802;0.082468878;0.112418618;0.156232587
0.077545334;0.076349988;0.114408156;0.148043971
0.08269337;0.085765309;0.114919406;0.163008108
0.076065277;0.090698684;0.117057059;0.164541926
0.081997276;0.08772235;0.11591302;0.158049506
0.076887263;0.084258845;0.116162721;0.160917559
0.063966695;0.074143964;0.11674925;0.148609625
0.059344468;0.078521371;0.121468937;0.147566677
0.057512744;0.081345793;0.125386808;0.148262291
0.060612712;0.091816349;0.128446748;0.162191678
0.06038073;0.098463548;0.11827773;0.14929154
0.064344601;0.101639008;0.1263751;0.153444657
0.053139916;0.104429508;0.125080781;0.152832876
0.048424094;0.099987519;0.129801296;0.152234101
0.04147686;0.098607881;0.118271618;0.134452264
0.038689554;0.087041325;0.119062254;0.126758235
0.040502495;0.078887022;0.106791764;0.122418159
0.04288879;0.073255204;0.09283675;0.122664736
0.042096144;0.082388556;0.083996457;0.12626038
0.035671307;0.066696977;0.081572928;0.124029709
0.047716349;0.061031233;0.07794165;0.122619481
0.045543103;0.060243068;0.085090816;0.122882156
0.042903961;0.053558133;0.071135335;0.123894075
0.042348908;0.054577113;0.082212958;0.129071235
0.045536959;0.058413843;0.073659771;0.121565802
0.041993997;0.060386656;0.073941473;0.123536503
0.041409232;0.062181839;0.066512299;0.125825633
0.035229287;0.057131657;0.064991606;0.121556591
0.032138977;0.062689566;0.067423965;0.111296783
0.039749533;0.060350745;0.082552016;0.113917769
0.036926053;0.061398518;0.088073376;0.102749667
0.027196005;0.056724353;0.082173201;0.106869413
0.035865577;0.056833551;0.089529391;0.099330179
0.036182244;0.048367041;0.080995586;0.098984264
0.031459518;0.044652096;0.080185527;0.104405214
0.039081137;0.046788578;0.085856474;0.107614558
0.037223653;0.040231093;0.094597898;0.102888758
0.029690343;0.042800806;0.09311961;0.090922803
0.036094347;0.037775446;0.10026336;0.100041112
0.037267771;0.034080246;0.1113419;0.097759628
0.036111309;0.038898737;0.114813901;0.091476465
0.041456058;0.03795591;0.122042651;0.100988024
0.030530768;0.029901233;0.108435239;0.083883127
0.033877642;0.032221224;0.120907997;0.081560635
0.039659546;0.023892716;0.115341802;0.079572379
0.044199823;0.034152541;0.125765613;0.09021348
0.04745514;0.043649622;0.120652528;0.086977823
0.053732434;0.040295062;0.114381464;0.094988262
0.045659581;0.042639653;0.106302843;0.083312848
0.052637434;0.035234708;0.129169275;0.092098371
0.05212552;0.047330476;0.129872895;0.099279518
0.053380129;0.046714906;0.123318434;0.098830557
0.04800748;0.047001868;0.119888735;0.100982863
0.052289399;0.042742478;0.123797094;0.092870279
0.06571136;0.066412584;0.148392688;0.105972558
0.056766457;0.056435122;0.13646468;0.116502423
0.05791582;0.055926386;0.126763781;0.105183914
0.056300927;0.061931393;0.113572764;0.101191207
0.055125971;0.085001487;0.1153436;0.093875533
0.061924422;0.079069447;0.109888351;0.099617692
0.059805994;0.070750121;0.104597085;0.1008011
0.063955416;0.065527546;0.104044733;0.096694577
0.057181118;0.06635574;0.106001628;0.09770885
0.061525032;0.066566525;0.106936206;0.100278465
0.056452108;0.067649092;0.10360872;0.106565001
0.050168859;0.077868434;0.099560861;0.097332361
0.03960713;0.080835268;0.085886239;0.094402686
0.040876472;0.074126077;0.087507026;0.086178464
0.040001346;0.085335273;0.093984075;0.090829035
0.032599437;0.078714456;0.074597263;0.08752906
0.036747095;0.06842737;0.076339284;0.072499761
0.044800276;0.072886485;0.076295623;0.085017653
0.035339952;0.065846395;0.058907592;0.071491964
0.040320711;0.069125288;0.065939484;0.083247551
0.032864808;0.063551734;0.062575181;0.089782378
0.037200373;0.059031808;0.058427547;0.079614881
0.031517689;0.05428533;0.055056909;0.080790558
0.02814122;0.053115794;0.051933385;0.074822119
0.0227056;0.040420255;0.053323718;0.071182492
0.020413026;0.043230016;0.063520173;0.074345378
0.018798647;0.037341993;0.05983816;0.068093529
0.009740377;0.029067068;0.049592506;0.058839097
0.022197746;0.028159442;0.058874245;0.065773604
0.030182395;0.035746301;0.072588026;0.070956686
0.026844077;0.03716499;0.064777378;0.072647988
0.025890321;0.05056159;0.064561215;0.067530439
0.038978498;0.063743926;0.080839147;0.081704925
0.025977064;0.050458082;0.067165323;0.077479163
0.029003185;0.058468192;0.076532347;0.072400651
0.036633914;0.061985121;0.069442297;0.074763763
0.050853491;0.06008349;0.075407801;0.07894173
0.050880323;0.055273815;0.078911851;0.068519655
0.035652387;0.064097891;0.076100488;0.070202397
0.042125358;0.070767267;0.077150001;0.083462204
0.055897229;0.080060383;0.100521785;0.102766838
0.048429009;0.065288481;0.084626289;0.094658176
0.038989895;0.066017669;0.076503462;0.104300564
0.038063976;0.062572828;0.06627945;0.100954298
0.03352961;0.051954835;0.061689352;0.092112868
0.019871665;0.052033062;0.05809528;0.088124613
0.030351414;0.045479188;0.050938276;0.096636771
0.049889997;0.046837911;0.054941115;0.089744892
0.047590272;0.044710203;0.069910516;0.075203507
0.04132277;0.044003864;0.064516933;0.058275555
0.061286511;0.050394306;0.072438695;0.062800592
0.054014782;0.041767238;0.0823917;0.064733697
0.047479054;0.040024684;0.070654933;0.055698647
0.049370054;0.026865121;0.065553059;0.03854838
0.045311235;0.02431151;0.058366815;0.028920062
0.050375248;0.050878729;0.083941235;0.047200683
0.043494768;0.049279444;0.07539606;0.052811417
0.049118575;0.059255642;0.087049098;0.063327061
0.028210697;0.049010564;0.062397754;0.05503658
0.033186362;0.061071837;0.066449376;0.06866004
0.040288728;0.067104945;0.064331099;0.071513124
0.035424691;0.05062654;0.071683248;0.061187181
0.027693246;0.059589733;0.072646277;0.056539035
0.015650944;0.05523806;0.054403348;0.049423636
0.01426698;0.052928885;0.069463235;0.039386501
