longueur,spectre 0,spectre 1,spectre 2
757.6124327252791,0.4017008437733127,0.5075120297875956,0.5394504123610433
757.2069352573066,0.3546951899575407,0.6050814826909304,0.5124819083196638
756.801437789334,0.3819877323168447,0.5704518907928784,0.4958585242411374
756.3959403213614,0.39181008885626495,0.5460008228054661,0.43437139256319535
755.9904428533889,0.3676097310913025,0.481152764692962,0.5022358507854808
755.5849453854164,0.3825500268926904,0.4904082178694733,0.6236502460913992
755.1794479174439,0.3513440257323133,0.4460475026676956,0.6761472205866041
754.7739504494714,0.31583166909107563,0.4432778817902935,0.4954838893330213
754.3684529814989,0.33788942586286774,0.37854710883819637,0.5262143762622933
753.9629555135263,0.35569774360865997,0.43753708002461467,0.6698014300260938
753.5574580455537,0.3540651349249791,0.4554576902707817,0.6582574794609168
753.1519605775812,0.3508927947850588,0.4627717748771325,0.6112948965632418
752.7464631096087,0.3377593809182661,0.403125938053603,0.5064373886682537
752.3409656416362,0.3056933517722217,0.3882277533582583,0.6666538973184344
751.9354681736637,0.34430969380722765,0.441543009158462,0.5026424647069491
751.5299707056911,0.3678021741605241,0.3943742642466035,0.7229676546970142
751.1244732377186,0.2816234242224971,0.3660803185104613,0.5524343838661976
750.7189757697461,0.2581794209944347,0.410130581041368,0.5307037445326227
750.3134783017736,0.2708053751114889,0.36826358667731174,0.5242190758345232
749.907980833801,0.24884787912696182,0.3282971385788704,0.493119383348996
749.5024833658285,0.27724834287868005,0.357087253524856,0.625027650300273
749.0969858978559,0.249031040063291,0.3079752641394403,0.6455317883781386
748.6914884298834,0.27289177694153777,0.3996869226986115,0.5130438070229546
748.2859909619109,0.24953366735084506,0.25138491493444715,0.5386517576523475
747.8804934939384,0.21676673566159108,0.3411697649793539,0.5873511109255056
747.4749960259659,0.277329118425515,0.2936715555577838,0.5089092027664998
747.0694985579933,0.24678805082290947,0.26846082001157606,0.5411746432927869
746.6640010900207,0.26918814052277573,0.2385785026835832,0.6138380442847458
746.2585036220482,0.22570569375202798,0.27333105759369236,0.6392320122488049
745.8530061540757,0.2364090563565666,0.2190869484599563,0.41280178352632574
745.4475086861032,0.24601003907864866,0.23040373596918826,0.5150191758679545
745.0420112181307,0.2356125470696743,0.262398061675668,0.5701685801377503
744.6365137501581,0.19570505940280974,0.31797852241852986,0.5050403675448815
744.2310162821856,0.20733434149625943,0.20608348659155365,0.44587823927937387
743.8255188142131,0.21075513308590257,0.2680344338172008,0.5253787655303922
743.4200213462406,0.18890574574017044,0.2849338727778816,0.5135066281462073
743.014523878268,0.17988910692314075,0.20291097011058198,0.45842535470288015
742.6090264102955,0.18702345793756348,0.22272745493147683,0.4190579110418263
742.2035289423229,0.21539387391444037,0.27089276581046146,0.4659124587405175
741.7980314743504,0.1666702198880192,0.23042968040236117,0.4389916527550679
741.3925340063779,0.18662317851069873,0.19152546678260343,0.5412830930198608
740.9870365384054,0.17460272913403796,0.25056686999782274,0.4744527441167939
740.5815390704329,0.16427986657079482,0.16765313122314424,0.43983834784935094
740.1760416024604,0.1481590004156008,0.23585695076121968,0.4444782703136418
739.7705441344877,0.15617265209816536,0.23956529715438646,0.43409090931960803
739.3650466665152,0.12632376909984228,0.2120962773829886,0.5191554391174603
738.9595491985427,0.13147470018633495,0.21852649433815638,0.4736433182607841
738.5540517305702,0.1268493229736076,0.2653637634717208,0.4167643103113738
738.1485542625977,0.12598936511516692,0.21611668408248896,0.45419097178200574
737.7430567946251,0.09631475062488351,0.22067698709415703,0.47878774578648836
737.3375593266526,0.107103898212575,0.22994586630147756,0.5067495877138558
736.9320618586801,0.12888923342457312,0.2644792683619472,0.4433940139615571
736.5265643907076,0.14422999920099863,0.23205290018167984,0.40803078966889134
736.121066922735,0.12241231073154596,0.23760235042680194,0.4603153370502736
735.7155694547625,0.13486827678311625,0.2551837894680796,0.4768935687610836
735.3100719867899,0.14062050517450445,0.24022956259849376,0.3919878197543306
734.9045745188174,0.15544863225874445,0.23837949242649167,0.4875038213954026
734.4990770508449,0.12983849782432128,0.1976004703572761,0.45464352062186203
734.0935795828724,0.1280729422167401,0.2444500624240942,0.459269545339094
733.6880821148999,0.14767058546237738,0.2151547693625563,0.4638045364903481
733.2825846469274,0.14189721745232844,0.1932461755077346,0.46395976053717525
732.8770871789548,0.1274555356238979,0.2579530794225206,0.5069346474189448
732.4715897109822,0.16382005089193508,0.2235351752132934,0.44271576176452215
732.0660922430097,0.17258668417760578,0.20317539889354905,0.3755475556784075
731.6605947750372,0.162083130877026,0.2676229605542326,0.3868810543142349
731.2550973070647,0.15765048257954506,0.21455353893614507,0.49714420180761254
730.8495998390922,0.17211820147268153,0.22624862538789442,0.4359360167705756
730.4441023711196,0.16926344493687043,0.25646337536115854,0.4075162189761338
730.0386049031471,0.18455254908131782,0.2595746833596527,0.46111456161332215
729.6331074351746,0.17539339804076645,0.24988734406026905,0.4934311747379045
729.227609967202,0.17936968906434964,0.23504285032765104,0.4668980072739182
728.8221124992295,0.1904639551463019,0.2528464578344494,0.44317472347967535
728.416615031257,0.19395692420414423,0.2831161918409042,0.4507293815038138
728.0111175632844,0.18313713847235666,0.2508076192002093,0.5217076371886025
727.6056200953119,0.2212224993161459,0.26762086272058483,0.47722785498973835
727.2001226273394,0.21241882317183947,0.29135575925584917,0.45264501806151075
726.7946251593669,0.21381157151584892,0.25854407470392377,0.47499308278544794
726.3891276913944,0.20369721921227932,0.2784325430073863,0.45994294100410676
725.9836302234218,0.19861193861442947,0.2739427216212201,0.5129350898705354
725.5781327554492,0.2001820934037852,0.29809409669589637,0.4747126106214135
725.1726352874767,0.2156372786459704,0.2853519752534241,0.5025530437271576
724.7671378195042,0.20612898153617215,0.31719254724809937,0.4971742271031618
724.3616403515317,0.1990775009224533,0.2970272414730834,0.5313908253298618
723.9561428835592,0.2052383847190432,0.28444839947859657,0.518697897493206
723.5506454155866,0.2216109335240155,0.2851914498404324,0.5494689884037192
723.1451479476141,0.19353417356648442,0.2844135823507435,0.504383038427294
722.7396504796416,0.2026487802072521,0.30140335480117314,0.5526241102863917
722.3341530116691,0.20751345821081324,0.27625702630806287,0.5774734282342835
721.9286555436966,0.20972842991012328,0.2988558781984654,0.5719424791104961
721.523158075724,0.1971734772527288,0.3015832406270028,0.5710813960198594
721.1176606077514,0.2064482900057847,0.3324537805339338,0.5685108929774805
720.7121631397789,0.20644388906287825,0.28185552319972884,0.5611023991277975
720.3066656718064,0.21005129658487173,0.2797200574143812,0.5574332886696384
719.9011682038339,0.19856689357102256,0.2890255100106525,0.539998314429413
719.4956707358614,0.18667384087107958,0.2814078713310836,0.5409731182103027
719.0901732678889,0.18201076503773853,0.24613009240874859,0.5604494202179721
718.6846757999162,0.18198756766276622,0.2638585218882826,0.5434707428303301
718.2791783319437,0.1703441258015306,0.24936162887314445,0.5121390249210133
717.8736808639712,0.16522001340732526,0.24295103071272325,0.5352922416043032
717.4681833959987,0.17547569656400433,0.22255239173356392,0.5201119028665957
717.0626859280262,0.174004115128517,0.2517293619060113,0.48517982889902794
716.6571884600537,0.15003445139937208,0.22135533477581365,0.46173299468063095
716.2516909920811,0.15214618969600613,0.20387342836598574,0.4838597633528053
715.8461935241086,0.14746790512861288,0.1890988360181455,0.4414783113533184
715.4406960561361,0.13788694595609163,0.18618644761255604,0.4504413756700788
715.0351985881636,0.1329449903888037,0.1761819017104361,0.4260935627724343
714.629701120191,0.12351271252389341,0.17789748138689468,0.42023324511369237
714.2242036522184,0.11124498281235072,0.1519714927354503,0.39151402122696755
713.8187061842459,0.12411041736402251,0.15256043477287862,0.41944510390522716
713.4132087162734,0.11425816176186877,0.1463633468461774,0.4174572566672955
713.0077112483009,0.12115415037956087,0.15648689263866075,0.3997882968822246
712.6022137803284,0.11524399099516519,0.15612057704943152,0.3718895788643477
712.1967163123559,0.11296243042191434,0.15960168267140074,0.43281121036134346
711.7912188443833,0.12334864834855787,0.14541051386820117,0.40473808013393897
711.3857213764107,0.11497721006502963,0.15664661878771524,0.37206372973229385
710.9802239084382,0.118999234338819,0.15175727248944984,0.41503765792865743
710.5747264404657,0.11061911609285477,0.1330408067454388,0.4018788385679361
710.1692289724932,0.13130834251353293,0.15303569393830985,0.3961193253292025
709.7637315045207,0.11933713096393743,0.17306748651066042,0.41356072348119405
709.3582340365481,0.13115112891012726,0.15014280543039055,0.4424630955715108
708.9527365685756,0.13188575234391647,0.16305290833316088,0.45000500903267004
708.5472391006031,0.13381715556081164,0.1786817709167765,0.47578267254809764
708.1417416326306,0.13800285250192912,0.18751022758790756,0.4767936745586186
707.736244164658,0.13137495843381095,0.1955379500273597,0.4949375314799433
707.3307466966855,0.1200432735920072,0.205025783207814,0.5084516566096577
706.9252492287129,0.12800894460239365,0.20716983263289526,0.48425926031838973
706.5197517607404,0.17020813880742605,0.22245330501189342,0.4975354078859629
706.1142542927679,0.21373859614446397,0.22250037486824037,0.5229429018299689
705.7087568247954,0.24286948391434016,0.2347150211138608,0.5242464930822958
705.3032593568229,0.2677392919372108,0.23940970537943107,0.5060356823314912
704.8977618888503,0.32742929022498235,0.24319111141499972,0.5255280034542538
704.4922644208777,0.38425770180186525,0.2544748508867242,0.5353352242721057
704.0867669529052,0.42218797866967367,0.2534420259422681,0.5185874694673774
703.6812694849327,0.44993659014225246,0.25113321629798857,0.5318380876081162
703.2757720169602,0.48518355873439073,0.25308378289333755,0.515724049891124
702.8702745489877,0.513278531320162,0.2510833051879778,0.5019552631056993
702.4647770810151,0.5360491606283393,0.23372554702005507,0.5068303536882764
702.0592796130426,0.5573910570619075,0.22155006801207808,0.5115460249160672
701.6537821450701,0.5883875447442581,0.21720250794165552,0.4880009228220179
701.2482846770976,0.6057823490787575,0.21495717924834765,0.473136062784253
700.842787209125,0.6148991837003152,0.20821151119055328,0.4665098019882863
700.4372897411525,0.6109911762321805,0.23829569026934613,0.45629478453730943
700.0317922731799,0.6043670677848368,0.24878169413134402,0.4474517262529837
699.6262948052074,0.5887455425485068,0.25824044769054305,0.43553175310262876
699.2207973372349,0.556882188738061,0.2724190771035159,0.4456035442755128
698.8152998692624,0.5298643533754719,0.27945279310695764,0.4158362765869003
698.4098024012899,0.5013069191627008,0.27293963045470204,0.3956018165522759
698.0043049333174,0.46551621053713466,0.26847259763014053,0.38539233941765944
697.5988074653447,0.4409099016921764,0.2658510245944942,0.3721457730832392
697.1933099973722,0.4158627885366489,0.2758840869694631,0.3633940809688548
696.7878125293997,0.38635773061942713,0.2719854523203545,0.3304337567851964
696.3823150614272,0.3516745802676473,0.25951509466673345,0.32045407051727587
695.9768175934547,0.324421356788433,0.255781956593415,0.30490171182510334
695.5713201254821,0.2929099476639253,0.2509815712820539,0.29040310746922177
695.1658226575096,0.2672147510784189,0.23793599319008096,0.2677628911805776
694.7603251895371,0.24274450431580913,0.2223101039559199,0.24722151448622048
694.3548277215646,0.2202948010486361,0.21454080877940163,0.2359259553659898
693.949330253592,0.20068964493929786,0.19967621007885136,0.21681143497746708
693.5438327856195,0.17722036781391748,0.1827200754278754,0.21930396060585658
693.138335317647,0.16189259237213807,0.16368587645317675,0.18664325679321278
692.7328378496744,0.14582918418635538,0.1448156913543918,0.18348434181084314
692.3273403817019,0.13134171818931237,0.1203527861567886,0.1676560767962449
691.9218429137294,0.11588215923824792,0.10913065587582123,0.15920659216719152
691.5163454457569,0.10837167266070255,0.09437784212620716,0.1600885714544655
691.1108479777844,0.09821658087010939,0.0745694664667877,0.13276980281316023
690.7053505098118,0.08591141617848452,0.057054256653157415,0.12862001257090744
690.2998530418392,0.07887605305890233,0.045108614268931785,0.1211181529797302
689.8943555738667,0.06673204984206212,0.029332230337421647,0.10736426971649661
689.4888581058942,0.05799076875675621,0.005137346363473209,0.12020052724017993
689.0833606379217,0.04982864651840235,0.005545493387750464,0.10277450386669773
688.6778631699492,0.04233269792156638,0.004947750499853599,0.089009292485873
688.2723657019766,0.0375579923378875,-0.015663538536514535,0.1033635789345981
687.8668682340041,0.029833763259891007,-0.015564541372602055,0.09783173101870819
687.4613707660316,0.027921633460779017,-0.012490030074445787,0.07758915642590355
687.055873298059,0.02363847552504406,-0.017532050327941757,0.07181127667960888
686.6503758300865,0.02382028254336265,-0.022087486676722858,0.08812657799425075
686.2448783621139,0.019727731152795504,-0.01631181045523749,0.08710521632149246
685.8393808941414,0.017876597431782333,-0.018182947563605792,0.0684759759527258
685.4338834261689,0.014718052988541204,-0.018450380794775633,0.07038860591543065
685.0283859581964,0.012234413544035488,-0.016686112079918304,0.05954262973088103
684.6228884902239,0.008900870882676597,-0.011180061111979764,0.07957922997635186
684.2173910222514,0.012265805553232591,-0.01830023061838474,0.06579375813045232
683.8118935542789,0.00896428482687302,-0.00990333707907937,0.05689326085977467
683.4063960863062,0.007283132062987148,-0.01547783425351234,0.06780832228859045
683.0008986183337,0.009143917988233332,-0.021017748858601984,0.06457394694128454
682.5954011503612,0.0056564636968477805,-0.01538388321357573,0.06837944071355861
682.1899036823887,0.008729524197519958,-0.011405863477350625,0.079124395316061
681.7844062144162,0.008591289604324835,-0.015822919229425695,0.08706356488034116
681.3789087464436,0.006938119191777617,-0.009741655018130077,0.07379536330743261
680.9734112784711,0.014070531888426564,-0.007300407965566211,0.09131617385052442
680.5679138104986,0.017432840662126525,-0.0010261756219786988,0.09885916064224119
680.1624163425261,0.01888682217216876,0.022850867171325236,0.09703030487163926
679.7569188745535,0.025846180520403793,0.03969208189586556,0.12234817478323377
679.351421406581,0.03397100525058399,0.049737502536145194,0.17113541580859287
678.9459239386084,0.044385204842018446,0.06813596474908294,0.17506700442019896
678.5404264706359,0.05057630649406131,0.08638362423743416,0.20907715120440087
678.1349290026634,0.05928642566926023,0.12019914559944056,0.2141285544935678
677.7294315346909,0.06183830487973155,0.1284586289966411,0.24774171051395313
677.3239340667184,0.07242073476092876,0.1452470219568297,0.24802040082622318
676.9184365987458,0.08273930496117023,0.17083944559385708,0.282738480491163
676.5129391307732,0.08878926275062385,0.1852655282231162,0.2973089862399128
676.1074416628007,0.09141712576616723,0.19448375366321813,0.29985080826197325
675.7019441948282,0.0974469296379867,0.21014371154978773,0.2928495498017308
675.2964467268557,0.0978236054528232,0.20369687517889726,0.3245970700084266
674.8909492588832,0.10300316998502543,0.21686011022956767,0.3175312709751673
674.4854517909107,0.10867833439272089,0.21834680441167276,0.3201756529505938
674.0799543229381,0.10610778466359141,0.20426894265130435,0.3183287027193695
673.6744568549656,0.10414759610388995,0.196916672072865,0.3162226384465432
673.2689593869931,0.10896256791185743,0.1928000192879679,0.3230155780627543
672.8634619190206,0.10778546094842233,0.18307087797170962,0.30354531479727104
672.457964451048,0.10550822778676508,0.18442780457198046,0.3103176065398916
672.0524669830754,0.10161256408843423,0.1786109760603081,0.3184821402578238
671.6469695151029,0.10193917210851985,0.1796916020000918,0.3001994388281824
671.2414720471304,0.09996431942348546,0.17955062609639566,0.3120139545435682
670.8359745791579,0.10099568628145987,0.1755934263331312,0.3026114509329916
670.4304771111854,0.09900210232195386,0.1728587568308691,0.29130778792531875
670.0249796432129,0.09933299616898676,0.16845358512620867,0.30252669352653094
669.6194821752403,0.09796718439164429,0.16418203100751444,0.29470313228273864
669.2139847072677,0.09730212337416654,0.1555498113849746,0.2958674729018556
668.8084872392952,0.09085914581566772,0.15097674859160248,0.27931808925261564
668.4029897713227,0.0862206876848476,0.14021800017883024,0.2871640057802298
667.9974923033502,0.08334790660043218,0.12658088623882083,0.27598215946211996
667.5919948353776,0.07836985796056249,0.12976670303250243,0.26004358613322387
667.1864973674051,0.07704747674460184,0.12106301668052871,0.2563298999314652
666.7809998994326,0.07109610266640515,0.11817764413647072,0.26673637486466617
666.3755024314601,0.07123329092626017,0.1122647189708772,0.24423944253456792
665.9700049634876,0.06549673740479285,0.10526102033669368,0.23915018647445788
665.564507495515,0.06483673592854694,0.09823734971666345,0.23479600127082523
665.1590100275425,0.06020298204600223,0.09908767949047707,0.22087737234770158
664.7535125595699,0.057122402852984075,0.08844514885569991,0.22503264015247426
664.3480150915974,0.05416492589690941,0.09183442758883502,0.21820454583176196
663.9425176236249,0.04857493661261181,0.09262467087316589,0.22314071140535627
663.5370201556524,0.04718415525315485,0.07953562936983283,0.2038510367897785
663.1315226876799,0.0412319661982198,0.0810575269668537,0.21151443463579875
662.7260252197073,0.04024362669599151,0.07347661387564441,0.21372896714384237
662.3205277517347,0.03874813937245063,0.06905794064700324,0.20274423157278554
661.9150302837622,0.029817445471501895,0.06325952198292925,0.20201126396275446
661.5095328157897,0.03022550316458382,0.05718628218757775,0.19597113506025168
661.1040353478172,0.026126498273144835,0.061323045782302535,0.20856288262406544
660.6985378798447,0.024975420798591157,0.05931931082801566,0.2246553266771483
660.2930404118721,0.02545033710949408,0.05866942334238809,0.22025225969920748
659.8875429438996,0.021108161102474543,0.05509350641563474,0.20252886746238155
659.4820454759271,0.02404046971030054,0.0626849694670323,0.21175992925373224
659.0765480079546,0.024436845345193615,0.061931472170113896,0.20984723988814763
658.671050539982,0.028869167086805397,0.05595411697343234,0.2007158639932114
658.2655530720094,0.028025645526485937,0.05911189188007914,0.21390706092426529
657.8600556040369,0.024368749266918236,0.058830029916786326,0.19816963939399612
657.4545581360644,0.025107267940761447,0.05529607626503355,0.19912413999963202
657.0490606680919,0.023978840858004388,0.0629166597167296,0.20391466201046338
656.6435632001194,0.02555966288104047,0.06343317235352774,0.20205072449293124
656.2380657321469,0.025463694979583326,0.06304349994283046,0.19824809886827444
655.8325682641744,0.02333409235493237,0.06549696627200331,0.20293237483794446
655.4270707962017,0.027400478011742658,0.061939108429245146,0.20617139663320896
655.0215733282292,0.024397811202901597,0.0635579358054284,0.19681160356303454
654.6160758602567,0.023407342541592224,0.06484070765202816,0.21330880941440503
654.2105783922842,0.027513573472965038,0.06553059242752822,0.20841387889901916
653.8050809243117,0.02852452461002751,0.059723672742397906,0.2078632864323229
653.3995834563391,0.026706343031951227,0.06038930342775213,0.21343393111790196
652.9940859883666,0.02547490560335364,0.06197185300217357,0.2090881392071933
652.5885885203941,0.024089308088925867,0.06907716350501332,0.22104579103873717
652.1830910524216,0.023396485171151737,0.06628539291545782,0.21823183998939735
651.777593584449,0.02555368290036615,0.06650388323044577,0.21251323974172887
651.3720961164765,0.021663272711796966,0.06572726250303258,0.21062275881000786
650.9665986485039,0.02294055079004728,0.058511782660983724,0.21467417967946914
650.5611011805314,0.02449954129258097,0.05962696769639666,0.215062362659419
650.1556037125589,0.02076148907507939,0.05861876508064387,0.21406051203418522
649.7501062445864,0.021147122798589085,0.05677853197070348,0.21624173118599582
649.3446087766139,0.01949909512596222,0.061441897405922555,0.21692708408911648
648.9391113086413,0.022416393769058653,0.05756467655416369,0.21437956596590924
648.5336138406687,0.01913166263790498,0.05777201642777297,0.21101165240627257
648.1281163726962,0.020960078071166243,0.06322854727991052,0.21975008448799738
647.7226189047237,0.024052619260989446,0.06317141554056245,0.21189603675518703
647.3171214367512,0.024373133338572158,0.06177125037524238,0.20752621562113976
646.9116239687787,0.024368630913911515,0.058815652924441776,0.21259961441801098
646.5061265008062,0.027523312992222024,0.06097378853155099,0.2147326134089455
646.1006290328336,0.025928437681415898,0.06056755637386269,0.2201083841870481
645.6951315648611,0.02928332702773989,0.06512740987258588,0.22157190935160986
645.2896340968886,0.030317622765718477,0.06783976019567314,0.21635197313360116
644.884136628916,0.032085991474585414,0.07089473473804828,0.216666673328406
644.4786391609435,0.032927630764152,0.07239767579099961,0.21973616545420493
644.0731416929709,0.03136919736983067,0.07296348990362549,0.22474741539293172
643.6676442249984,0.03440216004064631,0.07297601788785016,0.2291203722704012
643.2621467570259,0.035632898851430554,0.07370668505590933,0.2276585281079406
642.8566492890534,0.03353403234869297,0.08016873374434103,0.22257979865082642
642.4511518210809,0.03707768054171291,0.07863793330885487,0.22596145247664107
642.0456543531084,0.03280182913989425,0.076212802340591,0.22163815859231117
641.6401568851358,0.03594857377080066,0.0736943200049277,0.21917426210291216
641.2346594171632,0.04050451575644731,0.07680724010209942,0.2232808275894676
640.8291619491907,0.03906510635892832,0.06880838757217564,0.2172542622903171
640.4236644812182,0.039062703993466244,0.06463561037529006,0.2146781625642566
640.0181670132457,0.04035462586386187,0.06859992895113891,0.21688930676576845
639.6126695452731,0.04102260657326423,0.06699308937777178,0.2152534203589131
639.2071720773006,0.04372092228947396,0.07202790252590556,0.21201935906030356
638.8016746093281,0.04335173272988102,0.07523806341007826,0.21531738810310297
638.3961771413556,0.041580182785676656,0.07292549946960634,0.2136875594955496
637.990679673383,0.04096052427807177,0.07302645722261443,0.21205481408334498
637.5851822054105,0.0400189907058695,0.07443541692068509,0.21284752465777115
637.179684737438,0.0387416213981936,0.06980719254988821,0.21188195843739885
636.7741872694654,0.0389226778758977,0.07169786515837209,0.20993981677947102
636.3686898014929,0.03957213382437369,0.07351284310553985,0.2030997714180201
635.9631923335204,0.039705887695636426,0.07116288784521986,0.21021971443374596
635.5576948655479,0.03786932337068835,0.06561275791308196,0.20964111283312123
635.1521973975754,0.039448267651468985,0.06998372248966146,0.21568542530640966
634.7466999296028,0.037539354623258886,0.06690666007870644,0.21530711637030736
634.3412024616302,0.03521380689559028,0.06774898896625237,0.207394887387965
633.9357049936577,0.03535252345118223,0.06645541387360891,0.2160981133216942
633.5302075256852,0.03483118757908825,0.06687520693665469,0.20537826295174247
633.1247100577127,0.03442495736826702,0.06476321622327107,0.20890255509758549
632.7192125897402,0.03113029607452303,0.06258893937827256,0.19811780016930658
632.3137151217677,0.03189633890666759,0.05628237805683456,0.2037223828885564
631.9082176537951,0.02839806665208146,0.06431239522585747,0.20695914334562443
631.5027201858226,0.02962528385410757,0.05726106919633718,0.19769490820426724
631.0972227178501,0.03062997824642942,0.053829739257065495,0.19826758882261586
630.6917252498775,0.02845947053352553,0.05257032425086628,0.19639336693108703
630.286227781905,0.029794372366574694,0.052753374359912626,0.19818969078233986
629.8807303139324,0.028158396844115856,0.049104890521234505,0.18665606328990214
629.4752328459599,0.029571042445961333,0.04851145821959587,0.19331201496124775
629.0697353779874,0.02822570147867533,0.04745815448731829,0.19063335974255416
628.6642379100149,0.02746784768333554,0.036129548913335,0.1821435380735703
628.2587404420424,0.025011892620955007,0.03937343144136461,0.17772115105799485
627.8532429740699,0.02581255129825607,0.03516246233098117,0.18054628498646783
627.4477455060972,0.026677294423294442,0.031759780576745646,0.1713474556113638
627.0422480381247,0.025182552485806826,0.03367957989009888,0.16555369291374844
626.6367505701522,0.02470042333494853,0.028446562247537915,0.17260233621110493
626.2312531021797,0.024916393593047724,0.025434696443801152,0.16337168556426745
625.8257556342072,0.02167216472217993,0.021586719217766018,0.14936065728454453
625.4202581662346,0.02173277202720049,0.023828486450360755,0.1436365874710112
625.0147606982621,0.017928853835206173,0.0285294378060811,0.14895914607898245
624.6092632302896,0.018413346242881344,0.025163964864118846,0.14438978501330804
624.2037657623171,0.01814055398471678,0.03472898524557778,0.14591199998689253
623.7982682943446,0.01624703538823707,0.03104970612888552,0.13472999363567453
623.392770826372,0.015495377445917165,0.03246780608540942,0.1296784302446501
622.9872733583995,0.014260449676192659,0.0354759014366181,0.12112856736720562
622.5817758904269,0.012578658969987612,0.03674691386296805,0.13113806804000527
622.1762784224544,0.00821658271733504,0.035099469185366765,0.12068660126819797
621.7707809544819,0.00853214686720925,0.03231042449137409,0.11551331695088077
621.3652834865094,0.005716368934659425,0.03349361452247689,0.10893997925604612
620.9597860185368,0.004941019483230909,0.03215421141540897,0.10957793753349095
620.5542885505643,0.00163476206706392,0.02698004832790882,0.10175476902342945
620.1487910825917,0.00201396517729648,0.02508656666545535,0.09556690663543257
619.7432936146192,-0.006259824608403739,0.024176663350566677,0.08135576585891846
619.3377961466467,-0.008220320375310276,0.021020142164741323,0.07741691616190366
618.9322986786742,-0.011973331519726663,0.016709024084317337,0.07189051772959566
618.5268012107017,-0.015342739445298124,0.010361866648952065,0.06457037335857678
618.1213037427291,-0.02088931900043227,0.0067982417178478315,0.05698857633177195
617.7158062747566,-0.023658330859780717,0.0015964176287094267,0.0477130978693371
617.3103088067841,-0.03027497501156555,-0.010440523395517688,0.049945542624129854
616.9048113388116,-0.03774829868605375,-0.016173115690678367,0.03712119620970163
616.499313870839,-0.043012910160047435,-0.030422088132073078,0.03410117850942835
616.0938164028664,-0.0518679525345571,-0.03552234890467654,0.021317970711448676
615.6883189348939,-0.05893891802030071,-0.049438545945827424,0.010419137695780248
615.2828214669214,-0.06547526039064866,-0.05785985116773773,0.006178076806390999
614.8773239989489,-0.07122343615145872,-0.06803711605258743,-0.001946030751219409
614.4718265309764,-0.07645217446224518,-0.08161370177075065,-0.015297414252279257
614.0663290630039,-0.08605025041246854,-0.09635710865712901,-0.0251067262836077
613.6608315950314,-0.09153512921239641,-0.10597819072857374,-0.0292364994154919
613.2553341270587,-0.09652551674219287,-0.11118663970054442,-0.03547102563616594
612.8498366590862,-0.1031126299257086,-0.12020410857376956,-0.042641463860371154
612.4443391911137,-0.10903679284102338,-0.1309406891911721,-0.04305059691906568
612.0388417231412,-0.11476328911325569,-0.1383810610232209,-0.04346359940378037
611.6333442551686,-0.12210734286433025,-0.14454371474202826,-0.059660242605433976
611.2278467871961,-0.12609663431305912,-0.15164952286270292,-0.0560941131391789
610.8223493192236,-0.13079887714022415,-0.16275448138877566,-0.053301368987742584
610.4168518512511,-0.14002532825260897,-0.18076926233742802,-0.056285722954761815
610.0113543832786,-0.14742771510395045,-0.19188437852129644,-0.0595982469408467
609.605856915306,-0.15216251118707502,-0.20309147476453138,-0.06082661393564838
609.2003594473335,-0.16226325056652083,-0.20216300249275884,-0.05117114050831655
608.794861979361,-0.1650425467121956,-0.20555920835837777,-0.04492776672162137
608.3893645113884,-0.17326977254472323,-0.20328613169557258,-0.035353275143060844
607.9838670434159,-0.18021332608881932,-0.18959895552295686,-0.027680419777833032
607.5783695754434,-0.18558110287155105,-0.1757438082311768,-0.023037220025940913
607.1728721074709,-0.19221023038762228,-0.15929606143914676,-0.013241592466886568
606.7673746394983,-0.1934712517041611,-0.14623956671819954,0.00103319400680439
606.3618771715257,-0.19701348021532414,-0.1256540753239776,0.015950122778294596
605.9563797035532,-0.19352288743473975,-0.11659921852648493,0.020899308022671995
605.5508822355807,-0.19735598694530584,-0.09947053378174735,0.033992642206049827
605.1453847676082,-0.1956350457817763,-0.09214350009742646,0.0362145751122204
604.7398872996357,-0.194020313198023,-0.07966528749613026,0.05197387930642688
604.3343898316632,-0.18804806718757336,-0.06787700859590363,0.05586458200936746
603.9288923636906,-0.18316277776822942,-0.05016971109534279,0.06283988336371923
603.5233948957181,-0.17977770807949336,-0.03537892422246249,0.08318171010866016
603.1178974277456,-0.17088362738832757,-0.013979281514140905,0.08049714542715945
602.712399959773,-0.1615090396086333,0.0003905147775495075,0.08875778414030053
602.3069024918004,-0.1620997943788217,0.02382531642273673,0.10458780863312554
601.9014050238279,-0.15101862165260718,0.03718340727538465,0.11037816341231346
601.4959075558554,-0.13544797621269825,0.039122075668657254,0.09424137315923249
601.0904100878829,-0.12117436852198228,0.03764707899059792,0.09563281604040055
600.6849126199104,-0.109488288028421,0.03461914463735817,0.09137989886371302
600.2794151519379,-0.09432931493333718,0.032998689451263434,0.10389749013097815
599.8739176839654,-0.08109752039939483,0.03416192794718984,0.09219061949688925
599.4684202159929,-0.07622864314405389,0.037074665247798864,0.09030314525539619
599.0629227480202,-0.07162580401799942,0.033898789176347366,0.09349332602309311
598.6574252800477,-0.06433308293665028,0.0328484554631123,0.08760764255024536
598.2519278120752,-0.06071713347292333,0.02816295872490304,0.09274261845208907
597.8464303441027,-0.05563487199228744,0.027217831580271506,0.09376660317981915
597.4409328761301,-0.04891799795808622,0.03186141233985386,0.08142287709145267
597.0354354081576,-0.044875726104539826,0.03137723168947598,0.08530195065119796
596.6299379401851,-0.03584039973744092,0.02858753338864771,0.08524599836253764
596.2244404722126,-0.030130019160313617,0.029816536506358775,0.08265349767718481
595.81894300424,-0.018137303363361685,0.031745455854508414,0.08796310099600325
595.4134455362675,-0.009022745744623249,0.03173134831032366,0.08350041608596273
595.007948068295,0.0031810039088468914,0.027406117094211337,0.08318282405568499
594.6024506003224,0.0060433826976875405,0.03199552661083113,0.07792856481035967
594.1969531323499,0.009147088991913192,0.031693194061413625,0.08052853775664405
593.7914556643774,0.010644714036924298,0.02927469957798776,0.08095394074957368
593.3859581964049,0.009921791235172535,0.028715309940819188,0.0872309517015192
592.9804607284323,0.010855729870729127,0.028216751914215226,0.08930274851171674
592.5749632604598,0.010353725145903709,0.030319317414464086,0.08898966914278532
592.1694657924872,0.01077023166494414,0.03110731546255708,0.08315377203721239
591.7639683245147,0.01179971538011343,0.03024440183120168,0.08203899221379381
591.3584708565422,0.011131130640241146,0.026587982590511424,0.07752665101779994
590.9529733885697,0.012497491974099977,0.03158424346294334,0.08751250451784003
590.5474759205972,0.011710886203765673,0.03322793679948518,0.099555398541321
590.1419784526247,0.013004018090636489,0.03243932707384402,0.08275717304239145
589.7364809846521,0.011480751027102835,0.028936128336966547,0.0874461304611895
589.3309835166796,0.013665264087851412,0.030919844847844317,0.09155106314393212
588.9254860487071,0.012444765782769361,0.030755858565268544,0.08600827646170624
588.5199885807345,0.0137118966147398,0.03615584741319893,0.088402940153312
588.1144911127619,0.015222314778313432,0.033667022987525864,0.09352348332221555
587.7089936447894,0.01737912532226778,0.03315628731734922,0.09655072101249317
587.3034961768169,0.013229586660001272,0.037195050564441015,0.09159828745110188
586.8979987088444,0.014979155033217525,0.03187539939167215,0.09775758748191203
586.4925012408719,0.014682928435665281,0.03182419707559645,0.10360295635402661
586.0870037728994,0.013302246915511073,0.03097686823770478,0.09169925830639084
585.6815063049269,0.014526136985302574,0.03284259838457194,0.09216243619193792
585.2760088369542,0.01478882197124883,0.03256164900079785,0.09571085772793786
584.8705113689817,0.015874166648118155,0.0326255681419438,0.0926442776500452
584.4650139010092,0.015536815084511187,0.039834577472967224,0.09771013210013305
584.0595164330367,0.019208618418140568,0.041270289661297505,0.10510974561827997
583.6540189650642,0.020570327658405517,0.0413242080731137,0.1032615014863766
583.2485214970916,0.017351350330401066,0.04119835092645216,0.09662706447019423
582.8430240291191,0.014826036554797785,0.040253423236742684,0.09667492285199494
582.4375265611466,0.01701053244957677,0.04872341114633108,0.09990640331390832
582.0320290931741,0.018569914132401968,0.049391359008926744,0.10658491682134674
581.6265316252016,0.017677517637114497,0.05264240390639841,0.10614693706546191
581.221034157229,0.01735040610997232,0.051145204126073394,0.10876001273247948
580.8155366892565,0.01806564566472591,0.058827254752240404,0.11488042818684578
580.4100392212839,0.018599925850705835,0.061216980726708406,0.10164824309005699
580.0045417533114,0.017956146128369006,0.05899115658635586,0.09598654024970237
579.5990442853389,0.01839037563207312,0.059540432408398264,0.09929576902235025
579.1935468173664,0.020727581530045638,0.06894779538832527,0.10708285007349026
578.7880493493938,0.02000321098520028,0.07008818426550793,0.10591120924684953
578.3825518814213,0.019921306532315282,0.06216246646148006,0.10022292558003427
577.9770544134487,0.02033282401758276,0.0643680822663303,0.10951695977295017
577.5715569454762,0.020112262044411522,0.06690636780149684,0.1034007130590983
577.1660594775037,0.019978113146158945,0.06507860584910166,0.09934583672416736
576.7605620095312,0.019218732157934754,0.060541897246865845,0.08904099016524165
576.3550645415587,0.021573552447910767,0.06486779069941492,0.09055972035593411
575.9495670735861,0.018587076474528397,0.0699845871380641,0.10473479686342278
575.5440696056136,0.01928772537666648,0.06658860303139698,0.10718792696773503
575.1385721376411,0.020402147878214927,0.06757083335085141,0.09882109256749701
574.7330746696686,0.019685364128514463,0.06767962648828826,0.09372753622154895
574.327577201696,0.021746467846013324,0.06342262732405435,0.09714205531030141
573.9220797337234,0.023116487454336525,0.06833097643295248,0.10423367429104088
573.5165822657509,0.021348431492931527,0.07131734949396461,0.09603325392931623
573.1110847977784,0.01893283473029467,0.06549777754343142,0.09118299788371798
572.7055873298059,0.02142320395138446,0.06191396237390657,0.09738415264763872
572.3000898618334,0.023948278144523837,0.07329221688965037,0.09647227448238171
571.8945923938609,0.02392682091240859,0.069271860061395,0.09434474158898093
571.4890949258884,0.022078668947161078,0.06491291435280089,0.09781445189775637
571.0835974579157,0.02695807192312118,0.06577525550177946,0.09513268815898188
570.6780999899432,0.026923617232275668,0.06956140485813495,0.09170074296027189
570.2726025219707,0.02724233713284173,0.06748577775369079,0.10360226126599067
569.8671050539982,0.026333861892644746,0.06491543886977197,0.0963826632664626
569.4616075860256,0.02818226762172743,0.061750636436094394,0.08940536691484492
569.0561101180531,0.028485809448563916,0.06293164098806933,0.08079052868715776
568.6506126500806,0.03069436033564839,0.05944007783870072,0.08551515521802483
568.2451151821081,0.028900581710829137,0.06196850193353745,0.10010154258559299
567.8396177141356,0.030374957115656676,0.06709895255601273,0.09173409715791542
567.434120246163,0.027865909157687326,0.06876743916490417,0.09509152272123948
567.0286227781905,0.029562383145388966,0.06519445720255432,0.08720450121194057
566.6231253102179,0.028689500365058972,0.06162248223709798,0.08463155537169857
566.2176278422454,0.027676106375127095,0.062457733603786744,0.08940815481594204
565.8121303742729,0.02626417482109426,0.06526242571434121,0.08363794744613219
565.4066329063004,0.028304939764507087,0.06670474676419128,0.08801130368461006
565.0011354383279,0.028300713255955876,0.06659460446204214,0.08786406756495037
564.5956379703553,0.03196281867988371,0.06453275049445338,0.08699580125952686
564.1901405023827,0.02758296733362096,0.0666618170734451,0.08084639925774648
563.7846430344102,0.02741524533352184,0.06716679728192448,0.09149842804847114
563.3791455664377,0.03024740643354229,0.06689264821064023,0.08814237675924498
562.9736480984652,0.025570651013276515,0.06559771282035354,0.08353381084603737
562.5681506304927,0.02233664859741513,0.06298680394370751,0.07965945965207545
562.1626531625202,0.02263037423432853,0.06797766930818656,0.08010432613342451
561.7571556945476,0.027337086003402736,0.0637778236448741,0.09352981391780897
561.3516582265751,0.027011918356507923,0.06397298777018953,0.09253839161859403
560.9461607586026,0.02687546313358717,0.06006665382554239,0.08989075637056684
560.54066329063,0.02408093157893453,0.06372093170325828,0.0936640140145543
560.1351658226574,0.025692349771368785,0.06520581454673932,0.08963388570015195
559.7296683546849,0.025754873203019602,0.06704226160605999,0.08926541388861249
559.3241708867124,0.02521764452278984,0.06427107304579968,0.09097762701281445
558.9186734187399,0.0271282340606228,0.06367544604642002,0.08472899085228779
558.5131759507674,0.025797303829429744,0.06480735203628368,0.08413695800052229
558.1076784827949,0.02442437502081356,0.06721341092002601,0.09696676982306632
557.7021810148224,0.02426675279892774,0.06701545302814489,0.09701576442638656
557.2966835468497,0.028390767992593827,0.06344512255157933,0.0869367894845174
556.8911860788772,0.028321317265059133,0.06420059081743199,0.08968331813020672
556.4856886109047,0.02858193728732022,0.06466945037149072,0.09039628315354528
556.0801911429322,0.02887500065791737,0.0654338790249047,0.09218349220549966
555.6746936749597,0.02673429666246327,0.06563716953696588,0.08803143112938576
555.2691962069871,0.025446344578943687,0.06471314688465807,0.09236266064018181
554.8636987390146,0.025460756485265044,0.0649810146580809,0.08858625861437595
554.4582012710421,0.02799504716109772,0.0680329612346318,0.08914655252295037
554.0527038030696,0.02812039632513942,0.06761637970048477,0.08876085096019545
553.647206335097,0.026721633671069348,0.06428301003523293,0.09640807262865485
553.2417088671245,0.02734097426790841,0.06830023598241285,0.08789984559216321
552.836211399152,0.025907083449080694,0.06060051341122184,0.08866816532966014
552.4307139311794,0.026814181968537097,0.06356593714433137,0.09485026676076075
552.0252164632069,0.027090201211226222,0.06406849481551032,0.09083295130026799
551.6197189952344,0.024143608543360756,0.06683693737110352,0.08771730406444118
551.2142215272619,0.026916910272020127,0.061728537406417795,0.07883927050167665
550.8087240592893,0.023839410654270046,0.061246750539821926,0.07960380073268948
550.4032265913168,0.024550633937808722,0.06221317933692198,0.08970714010221013
549.9977291233442,0.023987537049603172,0.06239323405506276,0.08571927389874909
549.5922316553717,0.02367141214788434,0.06269441926478236,0.09239340534686862
549.1867341873992,0.02413562772969368,0.06407995464023146,0.08513889510697581
548.7812367194267,0.02508343767636587,0.06382225784444326,0.08781670845730159
548.3757392514542,0.02530778456957379,0.057711841508810695,0.07849675554494885
547.9702417834817,0.02378480365060819,0.058754693208370484,0.08282136045687123
547.5647443155091,0.02541003754179344,0.06035578996610754,0.08479883829496941
547.1592468475366,0.024553777234620686,0.05968047077490692,0.08884576454262227
546.753749379564,0.022993094073883884,0.05832843170551017,0.0822615719854832
546.3482519115915,0.024646208359053474,0.05966962668622789,0.08213156147393377
545.9427544436189,0.025234623645946294,0.06253284468599458,0.08149359230498313
545.5372569756464,0.023309853466975814,0.05997787454590822,0.07864293809073122
545.1317595076739,0.026048006454616423,0.057303353832410725,0.07867373542076128
544.7262620397014,0.024217680873884602,0.05743699645088823,0.08502027378462786
544.3207645717289,0.025955728328074173,0.059739421603361785,0.07580102934335262
543.9152671037564,0.023929526058902497,0.06233216882986743,0.07719311165288623
543.5097696357839,0.02552923123278544,0.05789477820984782,0.0858916968063876
543.1042721678112,0.0249108001158128,0.058811970737011735,0.07904204655977612
542.6987746998387,0.025034744872648933,0.06170163628928792,0.0776347407081091
542.2932772318662,0.026125805328734247,0.05801111353168668,0.0808875264478214
541.8877797638937,0.023497371980983346,0.05757917762019912,0.0829959338198467
541.4822822959211,0.02904405206581263,0.05913827876168188,0.07781003666936473
541.0767848279486,0.03070181438347658,0.06158060036180084,0.08909105212055564
540.6712873599761,0.027272357457987284,0.05752613724751829,0.08240571704099679
540.2657898920036,0.0245948538384131,0.058781140865706356,0.07570356915924939
539.8602924240311,0.02558783992904425,0.05960657784280981,0.08070561878368608
539.4547949560585,0.027979803185304748,0.06218826511114763,0.07567262552873515
539.049297488086,0.027922685175823605,0.05571209076845193,0.07924153748272156
538.6438000201135,0.028593128045937458,0.05740982660223782,0.08429839796225198
538.2383025521409,0.024853612138986566,0.056312197036842634,0.0836970363294158
537.8328050841684,0.02463208871216141,0.05411190547153136,0.0810773256123479
537.4273076161959,0.02613458562199068,0.05178542804163678,0.07412807724263328
537.0218101482234,0.028954001849211493,0.05506362686735173,0.08094716463653796
536.6163126802508,0.025727488097913066,0.05372843079406897,0.07807355529302457
536.2108152122782,0.0241013312391058,0.04487742433193084,0.07116885265457248
535.8053177443057,0.023080511173819915,0.048713583975287446,0.06267085404530073
535.3998202763332,0.02185091037829931,0.050138743288109404,0.07067151438455549
534.9943228083607,0.021037238136008933,0.04022831541478891,0.07794137967098257
534.5888253403882,0.01975760028444464,0.03977335648792191,0.061658783965774365
534.1833278724157,0.02057623632662384,0.03903227520770292,0.07338792348966242
533.7778304044431,0.0234662632330115,0.035710967284857946,0.06454136286178253
533.3723329364706,0.022759906433666394,0.02980073911647086,0.0616988396061552
532.9668354684981,0.021438033835557636,0.030750762579424117,0.06866981029361718
532.5613380005256,0.01975198771436622,0.03764646387318006,0.06649432722832614
532.1558405325529,0.019775036153643642,0.03162658030008658,0.07290697199272565
531.7503430645804,0.021747987460089064,0.021891153783076184,0.07313609124236232
531.3448455966079,0.021663316891681276,0.016933387329447568,0.06578180255770974
530.9393481286354,0.021637187326155428,0.014616433141946807,0.05812914977325975
530.5338506606629,0.021715802745690693,0.01535695439410786,0.06017280522286964
530.1283531926904,0.020330855353134395,0.020704312037533153,0.05431432491097996
529.7228557247179,0.01997818831983122,0.015733508206591786,0.05356663444779485
529.3173582567454,0.01760471526678833,0.01213413762087927,0.06001786468940102
528.9118607887727,0.016717637646037817,0.016379344080190286,0.05385974680996347
528.5063633208002,0.018087413975504698,0.008679257658325681,0.05598545408750543
528.1008658528277,0.017683163263133794,0.00552264522472696,0.06347881162901087
527.6953683848552,0.021355449957989492,0.0018810083556758954,0.0662870812241568
527.2898709168826,0.02105086873732301,0.0029024948983263402,0.04706578395873674
526.8843734489101,0.01762892674014593,-0.0007974635865310639,0.05278493647097446
526.4788759809376,0.015171088097119347,0.006175603608825516,0.04768220086102438
526.0733785129651,0.015540829475154352,-0.0007424222443822302,0.05580855413665767
525.6678810449926,0.016581675374930202,0.004760033140594245,0.054192966122858566
525.26238357702,0.015235446307749917,0.0024499698864267317,0.04970099213099201
524.8568861090475,0.019469155321502056,0.003887334746426896,0.04650981291642722
524.4513886410749,0.01822881888252719,0.0024564388537292843,0.03682404691883681
524.0458911731024,0.021124880733559705,0.002831653689411275,0.05034536046994855
523.6403937051299,0.018863090716795976,-0.00031796657305608786,0.04258186342673769
523.2348962371574,0.019469535174493784,0.005270374872725769,0.03862340563609553
522.8293987691849,0.01732202747432829,0.008869069902914261,0.041557291815896145
522.4239013012123,0.01572180107566364,0.0044265754763420555,0.04356114708554973
522.0184038332397,0.016939014820843538,-0.0018059583349257376,0.0470830841153557
521.6129063652672,0.0177704959219636,0.006458304713165075,0.04523104246633259
521.2074088972947,0.013297249669095257,0.017394788790521015,0.044941821333598
520.8019114293222,0.011470642744653555,0.01712989341358028,0.03779973215347266
520.3964139613497,0.012127432339308407,0.01260615189572799,0.03606802609439
519.9909164933772,0.008832450577972549,0.01036874766868603,0.03473712048625631
519.5854190254046,0.008325186824499585,0.005007700066677652,0.02373970408220927
519.1799215574321,0.008292503964082612,0.00562702407760328,0.02400253245409202
518.7744240894596,0.007017373835613654,0.016471631511432175,0.028893079103325166
518.368926621487,0.008639033712418004,0.0025160448546280643,0.028507011792698947
517.9634291535144,0.011509935661134117,0.005335677455845549,0.030768641856552956
517.5579316855419,0.010103056289751935,0.003954617880600005,0.026578967158706085
517.1524342175694,0.007739175825767559,0.008323056083738385,0.025206616471039993
516.7469367495969,0.0060701294662417185,0.006106160281617029,0.01979809511732429
516.3414392816244,0.005293770926561488,0.0057129107521510306,0.020829169848453965
515.9359418136519,0.0011869955512090542,0.008282595707906319,0.009680760898940217
515.5304443456794,-0.0003609408051750258,0.008496726541754448,0.020611749134338424
515.1249468777067,-0.00352012435850388,0.012854838322833866,0.014984451440046936
514.7194494097342,0.0029693657233459394,0.014002663171498475,0.015862576402667583
514.3139519417617,0.0038718463019786526,0.00610090620671943,0.0010422904383733552
513.9084544737892,0.002440023072281326,0.004152659634702988,0.011184070327286412
513.5029570058167,0.0050664907285143685,0.001111777351903371,0.013241876727905912
513.0974595378441,0.0003410565167566986,0.00012763473259128037,-0.00048553565930678066
512.6919620698716,0.001885681968485119,0.0009279781151852532,-0.01903877547314165
512.2864646018991,-0.0013613007772837042,-0.0006958679648753227,-0.014027439326977585
511.88096713392656,0.0009214016301040251,0.004125060863024885,-0.013150148580382397
511.47546966595405,-0.006120328241423871,0.0010228775516666132,-0.002594587651022964
511.0699721979815,-0.007584785169661028,-0.000299769625585852,-0.007077518900929154
510.664474730009,-0.005827197605035159,0.004021069397279272,-0.000502968192284155
510.2589772620364,-0.005466489269231326,-0.002282774915594582,-0.005649032208909961
509.8534797940639,-0.003977446343242497,0.008024139983912488,-0.018935290038317037
509.4479823260914,-0.0010120692046343047,0.001829941865868943,-0.03018377126258065
509.0424848581189,0.00035726650721811583,-0.0031929549532224537,-0.04408970998551139
508.6369873901463,-0.0031386194677047244,-0.011832592283498474,-0.032591578704067835
508.2314899221738,-0.0009997113712801337,-0.007268775431205126,-0.04136159874553025
507.82599245420124,-0.007091632690757702,-0.004374946611260977,-0.0304133941551149
507.42049498622873,-0.009970735686026872,-0.007114345075723759,-0.027587847428834005
507.0149975182562,-0.00902377056579795,-0.005652669564097071,-0.029482150608748488
506.6095000502837,-0.009500033078736104,0.006166936491231377,-0.026473136993155063
506.20400258231115,-0.010772840156559526,0.0019235205448712045,-0.029883895522168615
505.7985051143386,-0.015837815497960168,0.0032416046669445603,-0.02532729407105663
505.3930076463661,-0.016515449727091056,0.00045026979586504937,-0.013619115305895707
504.98751017839356,-0.018877870313543127,-0.008095926670733831,-0.03313749824156081
504.58201271042105,-0.019561276645823005,-0.021417271692245193,-0.04567393367970758
504.17651524244854,-0.020799035390830604,-0.005074982475556654,-0.04088981804676944
503.771017774476,-0.022089945408263766,-0.012595633941475287,-0.03490048522175267
503.3655203065034,-0.020804846884999006,-0.025681134198196266,-0.040977041199637285
502.9600228385309,-0.02385268020392288,-0.031573628944572434,-0.030114438669924002
502.5545253705584,-0.031711425874048876,-0.03406138386380182,-0.024409190696985366
502.1490279025859,-0.040287746596133156,-0.03320511312630767,-0.04213288251673825
501.7435304346133,-0.04495792633748016,-0.039287171501418715,-0.04087058893802896
501.3380329666408,-0.052608551643868816,-0.029501689602169888,-0.01709423163741377
500.9325354986683,-0.05047983204840402,-0.013703355407081268,-0.025226917948268136
500.52703803069573,-0.04663562659869984,-0.01583931301654777,-0.032964786392348996
500.1215405627232,-0.04688164462184271,-0.01653041564765126,-0.026268880888643115
499.7160430947507,-0.054681169094135874,-0.014866279629789678,-0.030709628667598795
499.31054562677815,-0.054916060681230054,-0.011030809266165606,-0.032628253164523474
498.90504815880564,-0.05703142213937523,-0.011900741354891883,-0.05996932447246698
498.4995506908331,-0.05673948423861912,-0.01960547747009533,-0.04416398668282966
498.09405322286057,-0.05062911150399501,-0.02225212798723067,-0.04568216642729265
497.68855575488806,-0.056568760250378845,-0.024870649081383547,-0.048610296338140936
497.2830582869155,-0.05441249641794336,-0.036453745067584926,-0.051174497949162526
496.877560818943,-0.05193925176775046,-0.02997374729136288,-0.050622603954257696
496.4720633509705,-0.04452425678850705,-0.026106076618343094,-0.046401433274266886
496.0665658829979,-0.04273737669184457,-0.03606071485783073,-0.051808058269981506
495.6610684150254,-0.047216159402500915,-0.01483220566161663,-0.02099808606974287
495.2555709470529,-0.05100333757475672,-0.01938830036058868,-0.05064926164578763
494.8500734790803,-0.054433287691391066,-0.03482023661597508,-0.04269676026409408
494.4445760111078,-0.05136796424496134,-0.03638719828050438,-0.02115163974573891
494.0390785431353,-0.047638220767368226,-0.030234171728539986,-0.03313411297582977
493.63358107516274,-0.04865873429918258,-0.032814463153272515,-0.055263874765138984
493.22808360719023,-0.050446404474638114,-0.028946422106122513,-0.04268356695888687
492.8225861392177,-0.05632803299657203,-0.023996354395649743,-0.05938485847748661
492.41708867124515,-0.05527365406636763,-0.03203117551216933,-0.07091310958097612
492.01159120327264,-0.05871159689939732,-0.03546613764048749,-0.04379756543769658
491.60609373530013,-0.06378635418123546,-0.04682259785434794,-0.05060843341721463
491.20059626732757,-0.07169963303089327,-0.0357629044928917,-0.07263299868048359
490.79509879935506,-0.0621255297119849,-0.044072337001863054,-0.05638295009362068
490.38960133138255,-0.07066337100392243,-0.04732607270391526,-0.051519377896347154
489.98410386341,-0.06435007688166039,-0.05209385096311477,-0.07568148722228007
489.5786063954375,-0.05997201850821718,-0.04938120750643389,-0.08153634390971413
489.1731089274649,-0.05613625566845857,-0.056933575848964864,-0.06604091441856476
488.7676114594924,-0.05832134519079152,-0.06323109183531611,-0.06225558045635793
488.3621139915199,-0.058816321772987436,-0.05115682655507029,-0.08316110761078076
487.9566165235473,-0.05253107127343169,-0.07372448963658046,-0.07377007476298648
487.5511190555748,-0.05601992765485661,-0.06853161693465899,-0.06676078090831797
487.1456215876023,-0.05351808660275087,-0.0767841795774728,-0.0807685508383785
486.74012411962974,-0.05904042683680204,-0.09610648659274357,-0.11321799228685886
486.33462665165723,-0.06140606355693083,-0.10396733878567004,-0.13220901113119418
485.9291291836847,-0.060586023546374025,-0.11035505964614134,-0.11779123072044827
485.52363171571216,-0.05928292061128586,-0.11484708468623815,-0.13477084142914014
485.11813424773965,-0.07282702408648133,-0.10888198094585412,-0.16816573112789662
484.71263677976714,-0.07903164215289125,-0.13308191012522919,-0.1403508406115278
484.3071393117946,-0.08528169475324913,-0.12787885327194312,-0.14422266571007106
483.90164184382206,-0.09179690808056594,-0.12371691606153373,-0.18613027562953566
483.49614437584955,-0.10010712316800971,-0.1403420982367652,-0.16418551798269942
483.090646907877,-0.1016260725744772,-0.11555961690159557,-0.17608929582134492
482.6851494399045,-0.11362112254459794,-0.14029440354329636,-0.2310613277207483
482.27965197193197,-0.11789437977457679,-0.14686376113361194,-0.21950691098897537
481.8741545039594,-0.1241653465716604,-0.1561603770469574,-0.2413801907478754
481.4686570359869,-0.12248235947621765,-0.14739655590773001,-0.26306275581053135
481.0631595680144,-0.12001525240636446,-0.19024760496721646,-0.3015223840296464
480.6576621000418,-0.1259724359300921,-0.21905413261002396,-0.32062871850852565
480.2521646320693,-0.13385477700684473,-0.25948147668625576,-0.297793524998533
479.8466671640968,-0.13914554289763184,-0.2910078618341065,-0.32684710638679204
479.44116969612423,-0.151553006292637,-0.3409363321503189,-0.36863735675498915
479.0356722281517,-0.17653947832036557,-0.35537982780764765,-0.3822320763674095
478.63017476017916,-0.19382349159391038,-0.4000426318539846,-0.38890141241054615
478.22467729220665,-0.2188267877850577,-0.4811220812348201,-0.37589221533221945
477.81917982423414,-0.24464999664288667,-0.4967701873399404,-0.32693497680478883
477.4136823562616,-0.2656614334516948,-0.4987063810287602,-0.3147648006102099
477.00818488828907,-0.2999672209984912,-0.545123058537435,-0.309723944285251
476.60268742031656,-0.33724848173351757,-0.5461271524400466,-0.28359619816642295
476.197189952344,-0.33835217043824495,-0.5764293872410147,-0.211267444707072
475.7916924843715,-0.3371629773138129,-0.5558354480956398,-0.17355884715856754
475.386195016399,-0.3630910021359068,-0.4943331401530058,-0.19512854396905513
474.9806975484264,-0.38028040032592964,-0.5006084683670602,-0.14347626826509877
474.5752000804539,-0.39698602164320385,-0.44820308451004454,-0.0978112411191707
474.1697026124814,-0.4048598137455226,-0.4089765537322678,-0.04798684888612933
473.7642051445088,-0.4294332011037151,-0.3760291169827523,-0.0362599032015083
473.3587076765363,-0.41522182125655327,-0.3410559956851823,-0.0009150817268602741
472.9532102085638,-0.42255127559176153,-0.3148819744309488,0.051656874413074205
472.54771274059124,-0.4291454534769678,-0.2835394271366688,0.14255533991987407
472.1422152726187,-0.42825835608882035,-0.21565765888798538,0.17158144229381433
471.7367178046462,-0.4185624520915696,-0.19023180622622368,0.16317720803637936
471.33122033667365,-0.43411072183720983,-0.11841903239081115,0.207839671747533
470.92572286870114,-0.4316526419940135,-0.06324855734416264,0.21583998735707063
470.52022540072863,-0.448188571870709,-0.027865891058526174,0.21422478383141635
470.11472793275607,-0.4719930148421005,0.030946691903099066,0.25028002832099927
469.70923046478356,-0.46506059410867606,0.08605664807885334,0.2427538714636107
469.30373299681105,-0.44565041849546183,0.14227237927343292,0.22337763601791077
468.8982355288385,-0.46308297343142873,0.2529035053400095,0.24992475670001915
468.492738060866,-0.4082118707353052,0.1914146977295805,0.2319357670762022
468.0872405928934,-0.3660862468726673,0.21198603467401733,0.21024919322375496
467.6817431249209,-0.29050662552371037,0.20565582889542214,0.213299396526498
467.2762456569484,-0.21058129516541338,0.19820313404275391,0.2286237421540239
466.8707481889758,-0.09763198595988234,0.20268790313450466,0.2231890036431093
466.4652507210033,-0.013129048667192788,0.2302228783161301,0.20485341258047132
466.0597532530308,0.02406651612164324,0.1792810486173568,0.2332028608921609
465.65425578505824,0.05983475894516074,0.21087191587674028,0.24460044489608615
465.24875831708573,0.09221907844056303,0.201491658693161,0.20586597952660518
464.8432608491132,0.09930101601651972,0.2135889776991974,0.22562182903778752
464.43776338114066,0.0675558113480471,0.2140876470838769,0.25783415364773243
464.03226591316815,0.07599938090831146,0.2224435514501571,0.25224987172464775
463.62676844519564,0.09233868332810014,0.19457296961201206,0.24565863736837312
463.22127097722307,0.09453631760388143,0.19830022457663182,0.21821794359159147
462.81577350925056,0.08000265126794893,0.20998018684075243,0.2657631569812244
462.41027604127805,0.0759156908329476,0.2175760746392626,0.252716525084631
462.0047785733055,0.07526011093170086,0.19660878095138162,0.25881478563202176
461.599281105333,0.07833023434778164,0.20639430708802362,0.2885936009266466
461.19378363736047,0.0970002956905537,0.2086783932546456,0.2365683137425083
460.7882861693879,0.0762991679332665,0.21156357539427967,0.26482671266806257
460.3827887014154,0.07721436935880571,0.1950929303456957,0.29094885715164764
459.9772912334429,0.0796785390479384,0.19017046994116021,0.2701950249343159
459.5717937654703,0.08332529420841378,0.23385008748076952,0.2752973961086897
459.1662962974978,0.08591517604291467,0.24923845611983828,0.2814695614907062
458.76079882952524,0.08620619409571627,0.19477188688717395,0.2686665788149633
458.35530136155273,0.08759454553005594,0.19551581534641907,0.29537793717514216
457.9498038935802,0.08885578299982223,0.19569715359968398,0.3000831084075719
457.54430642560766,0.10011384556696502,0.21875548446678503,0.2759013293342142
457.13880895763515,0.08540703795576707,0.21212595059126102,0.3082694269536608
456.73331148966264,0.07891332011163728,0.21839509208468166,0.27968837021614606
456.3278140216901,0.10494732413611785,0.22021704595290895,0.25009663150681805
455.92231655371756,0.07515473712499904,0.22152880317599954,0.286509818411148
455.51681908574506,0.08975878999773815,0.20859653044484824,0.30349430726068627
455.1113216177725,0.0933610165032972,0.20275717696815762,0.2764621385451123
454.7058241498,0.0824251664505998,0.2150761097137479,0.268761611953236
454.30032668182747,0.1042987918162592,0.2199284037146559,0.28951154129909074
453.8948292138549,0.08662957240464242,0.18441054797300874,0.2736227067157151
453.4893317458824,0.09903579429444251,0.19061079274337414,0.2984422182258953
453.0838342779099,0.0778470863786773,0.22489292458090107,0.28208544220498105
452.6783368099373,0.10301457513675467,0.21499408623291993,0.3047367009869755
452.2728393419648,0.08296289474343381,0.17529808289824284,0.299625841612
451.8673418739923,0.08789366513247024,0.20143654669181735,0.30834671788473605
451.46184440601974,0.08853141958673452,0.1995034050935959,0.3001864231552567
451.0563469380472,0.08444243129979982,0.21779243122507697,0.2889945167221915
450.6508494700747,0.08227987401978137,0.17886072713784187,0.2886826082672343
450.24535200210215,0.09076924971799268,0.20622449994676592,0.269477590441771
449.83985453412964,0.09602904916585678,0.18228024491541,0.3065836474063102
449.43435706615713,0.09218318605900591,0.1908775237086309,0.3267434463792018
449.02885959818457,0.07561267864353909,0.19228377152469925,0.28873888241367074
448.62336213021206,0.09606526479083322,0.18231787393292628,0.28174430243107246
448.2178646622395,0.08770008044814351,0.17726813417438225,0.30335238371586287
447.812367194267,0.08375983193893753,0.19334289741474472,0.3023857569580766
447.4068697262945,0.09574760130193698,0.17677415291442608,0.2860101561188421
447.0013722583219,0.10502702551519275,0.16589425440460054,0.308947339235447
446.5958747903494,0.08439120537227138,0.19720174492274206,0.3043073435767806
446.1903773223769,0.08765583280866186,0.1990943465842379,0.3058468671617372
445.7848798544043,0.09045764241013034,0.1873578685695008,0.30340303203132746
445.3793823864318,0.07811785272909726,0.19163446698396072,0.27960979805109465
444.9738849184593,0.09344386123432334,0.20005416067295784,0.3014431701510054
444.56838745048674,0.0955754480631996,0.18685640847412668,0.29952559215312186
444.16288998251423,0.08167764837359481,0.16157349722419392,0.28061689580389204
443.7573925145417,0.09232232537945569,0.1847981779027963,0.29428572527116037
443.35189504656915,0.07819455396710687,0.21619921070819118,0.30608452855945295
442.94639757859665,0.09528826713539981,0.2010625667013676,0.32101051501007505
442.54090011062414,0.09194443384686575,0.18402410850067247,0.2941785799433331
442.13540264265157,0.09491870140423242,0.19288678585254973,0.28536453385064836
441.72990517467906,0.09646661156679286,0.19519247871953718,0.2865713260873609
441.32440770670655,0.08133375630929754,0.1616486150621222,0.32195108411111023
440.918910238734,0.08927230651472219,0.21233940207608906,0.264252458285549
440.5134127707615,0.08638761484704097,0.1542513134242916,0.26890763895599124
440.10791530278897,0.09190646980846394,0.16710143831570598,0.30484745528587914
439.7024178348164,0.08074454606941506,0.2055617353680114,0.28925297663361077
439.2969203668439,0.09579198162955802,0.18974080951490374,0.2686697548260737
438.8914228988714,0.08477216954772776,0.16886703342214346,0.32557267448739746
438.4859254308988,0.09252246303562689,0.20568107169297764,0.291904946108671
438.0804279629263,0.09606717241924172,0.18247454835241797,0.2877612861021689
437.67493049495374,0.09437817748631475,0.1886008225420642,0.25342618968502584
437.26943302698123,0.08864289883226588,0.18928619433745045,0.2506429884994092
436.8639355590087,0.09321545669432481,0.18942142891102637,0.29339674516428693
436.45843809103616,0.10742413619614587,0.21722628812899325,0.295668339958068
436.05294062306365,0.0919002915961976,0.17853642320350288,0.2769874637084446
435.64744315509114,0.09974359077515747,0.19470312492583547,0.27635491709249127
435.2419456871186,0.08467484326594443,0.1922284314397723,0.24603187953501543
434.83644821914606,0.1062675572542736,0.19047480251428314,0.2792306277970737
434.43095075117355,0.09553223729725606,0.20985727384178746,0.29085344033384614
434.025453283201,0.09472037479437066,0.1736828146312363,0.27538916583488854
433.6199558152285,0.09469798273084473,0.20205558883658084,0.29979366795722495
433.21445834725597,0.09966099654843778,0.20200812060938184,0.2779657025155558
432.8089608792834,0.07505813845870193,0.22872189577365812,0.2723612020277808
432.4034634113109,0.10968918224872057,0.2199731438331648,0.2635774621785596
431.9979659433384,0.0910999800573807,0.2255590073909301,0.25209396905724013
431.5924684753658,0.09137439582635902,0.23686168440764913,0.28613103133846046
431.1869710073933,0.10910664943015597,0.21803342832732267,0.2765925868549063
430.7814735394208,0.11204304632290388,0.26123206135811583,0.2845861325108315
430.37597607144824,0.1020056567467333,0.23504540464427887,0.253115952076701
429.9704786034757,0.11756908472796274,0.2223588056261969,0.2761734418139849
429.5649811355032,0.09745015812402856,0.24378050686063346,0.27666085003616436
429.15948366753065,0.12353856451063772,0.24572193088502584,0.283619592987388
428.75398619955814,0.10790053983818473,0.25412968373325817,0.29855287263842795
428.3484887315856,0.11160095791193254,0.2506952321240269,0.29043853908785455
427.94299126361307,0.13440784582867513,0.2586208865021516,0.24755017509608854
427.53749379564056,0.11701848390157571,0.27369237296174126,0.2433071054024412
427.131996327668,0.13162465919080032,0.23673223389252973,0.27887137346486185
426.7264988596955,0.1349356666127695,0.27422680840855673,0.2951291373735112
426.321001391723,0.11425601363075133,0.2736580610497273,0.24827561687456337
425.9155039237504,0.1290670979181253,0.2809357466330472,0.2737216216218566
425.5100064557779,0.12563432805555788,0.2814205463428602,0.2649450181661053
425.1045089878054,0.11358592179514017,0.30306347660584954,0.23404237035553394
424.6990115198328,0.12451290370414178,0.2555329497046345,0.27184985361607195
424.2935140518603,0.13711324705560163,0.2727994865396685,0.2524675933841166
423.8880165838878,0.1361581686723213,0.3326828722718624,0.2596924734001995
423.48251911591524,0.13907525555347552,0.27058771778060087,0.257939484810885
423.07702164794273,0.11418620560038423,0.27767963465525475,0.2198778556321759
422.6715241799702,0.12348979609042188,0.2543590040856554,0.24627892412668453
422.26602671199765,0.149720423137755,0.27598079588547053,0.2498394310536879
421.86052924402514,0.12037372277075988,0.30368190574424075,0.25636750617606197
421.45503177605264,0.13279631666184738,0.26492684526451515,0.25719032950540327
421.04953430808007,0.15204439263330136,0.26576643427393726,0.27795422034537115
420.64403684010756,0.15821668882990275,0.2768268867000289,0.26333419410308323
420.23853937213505,0.15292649292323085,0.28337533866780107,0.2717481965023304
419.8330419041625,0.1695299290045118,0.2533688012576338,0.24833601992165993
419.42754443619,0.17363874383233396,0.2912974017851795,0.2933460423138918
419.02204696821747,0.17689081609527385,0.3080362257593408,0.27978474993149055
418.6165495002449,0.19590867015058444,0.28734405135449836,0.2567382068289704
418.2110520322724,0.17182281982031988,0.30933202779036867,0.2937385119271238
417.8055545642998,0.21002781919279476,0.32884028821326566,0.27924950093697765
417.4000570963273,0.21101946509829886,0.29045253163943296,0.27899603005314005
416.9945596283548,0.211764573471938,0.3100448561595547,0.3298322537086702
416.58906216038224,0.2156229004943087,0.3142837457280874,0.3056276828519344
416.18356469240973,0.2223985798961179,0.3092992584176291,0.31836902150964747
415.7780672244372,0.23072230646189895,0.31707050122597824,0.3075642577769164
415.37256975646466,0.23096287673115565,0.34950955913644566,0.28040940107851037
414.96707228849215,0.2376718091576845,0.28493113063145076,0.3271380635301493
414.56157482051964,0.24299986589216996,0.34868967776553056,0.3594886442631753
414.1560773525471,0.2357870239632193,0.3015331630142074,0.31067772499762264
413.75057988457456,0.25048631815864947,0.3736396632366724,0.2778449464737513
413.34508241660205,0.23900430207174286,0.36298390758368776,0.3565143270161093
412.9395849486295,0.25484702049632524,0.34694112326577137,0.3642876577938022
412.534087480657,0.25608291376487674,0.33542296589841486,0.34419193015392857
412.12859001268447,0.26079717138450864,0.3673578382589005,0.3416914239311613
411.7230925447119,0.2667874588745851,0.3858246516051627,0.3270013347585052
411.3175950767394,0.2682374143677695,0.3765983989001692,0.34413414610608006
410.9120976087669,0.25810267973559237,0.37455979981909365,0.34099248209951094
410.5066001407943,0.2624795457601603,0.4046425503540161,0.38307594334776074
410.1011026728218,0.27633413986908606,0.3481364414342653,0.3325974225705585
409.6956052048493,0.25406153423261174,0.36706724307490884,0.37459013967921906
409.29010773687673,0.2741213697533906,0.3969021210456124,0.30841788029356765
408.8846102689042,0.26350032950319346,0.35797711643132635,0.3593732965590208
408.4791128009317,0.2722771315450724,0.3877058394430844,0.40132470391056074
408.07361533295915,0.281930017017812,0.42359029983372076,0.3567337143630925
407.66811786498664,0.24590616243994973,0.38581127229783446,0.33569325424668145
407.2626203970141,0.2690501996094867,0.43179827424626577,0.36004657877278723
406.85712292904157,0.2939099267382438,0.4196963397188909,0.383225463913157
406.45162546106906,0.25321221869066873,0.46355001648326655,0.28313490207645375
406.0461279930965,0.2604638514965428,0.40480652573660314,0.35307396078340036
405.640630525124,0.27743475279815993,0.4455550295402919,0.3189629965107221
405.2351330571515,0.2746433288191605,0.5187836242004722,0.3802572954901309
404.8296355891789,0.28819803590804083,0.528270178332583,0.42060978022198675
404.4241381212064,0.28242952110123376,0.4439824349908922,0.3204050005304369
404.0186406532339,0.3098600598859265,0.4629545414614683,0.314775626236238
403.6131431852613,0.302924319565021,0.5220580447685652,0.4146724156083319
403.2076457172888,0.3048204026076469,0.47164467185372516,0.37652490372742614
402.8021482493163,0.2856347645808258,0.4128107768337374,0.3554858445628322
402.39665078134374,0.32656336457935986,0.47204560565725723,0.36294511892659714
401.9911533133712,0.2643522981371577,0.4521428328509694,0.2829267760253177
401.5856558453987,0.32352365922912363,0.49636231201005965,0.34791752567237105
401.18015837742615,0.33726809649124445,0.47835588033655263,0.39039727446318123
400.77466090945364,0.3289156728389228,0.4520065008048314,0.38633465266817946
400.36916344148113,0.2734763860883157,0.4723992482816696,0.3887349319897532
399.96366597350857,0.35619703709123696,0.490099277763986,0.34875149833863284
399.55816850553606,0.33009609875816925,0.5170630850491035,0.39249987377889395
399.15267103756355,0.2986586493167978,0.45137249688445324,0.36652728878894925
398.747173569591,0.35036367193660906,0.4395459526918271,0.3537720482842059
398.3416761016185,0.3378194902090136,0.4680933213777188,0.4261356710512755
397.9361786336459,0.38317612517503485,0.5008762828145965,0.26219992018170096
397.5306811656734,0.3427339777440097,0.5159449482807733,0.2184670826320445
397.1251836977009,0.3384053826755905,0.554755010661777,0.4579184677494412
396.7196862297283,0.4126393844085695,0.4962293895353147,0.4877585508076605
396.3141887617558,0.3428560809171122,0.5546007743190957,0.3774327492671828
395.9086912937833,0.38664538768205575,0.525506426248338,0.32272811647542216
395.50319382581074,0.3537436761054136,0.5036509763551479,0.4069989024989266
395.09769635783823,0.37958997675874867,0.48555664447908725,0.29903916354895543
394.6921988898657,0.3773755234538582,0.5229400731555852,0.2939967023306984
394.28670142189316,0.36562294845993026,0.5413736339944941,0.3845673052379318
393.88120395392065,0.39587611798022343,0.48866426226274284,0.29090909177938495
393.47570648594814,0.42694622358301915,0.5007277129637424,0.3458000341896168
393.07020901797557,0.38486377286738427,0.46624661743966683,0.3100261873063045
392.66471155000306,0.39506192397081547,0.5463233552259974,0.3671045978374883
392.25921408203055,0.41485753576585643,0.4462261858997043,0.3042383523893631
391.853716614058,0.40198547117684474,0.49264050959546896,0.2474845008988901
391.4482191460855,0.36860182177920586,0.528345041265787,0.23291122413062718
391.04272167811297,0.3948944171863842,0.46855060706905083,0.24746152205979677
390.6372242101404,0.3457359423371736,0.56496930383381,0.2980655175673035
390.2317267421679,0.3620399395535617,0.5664235195614861,0.31060959554488754
389.8262292741954,0.3722308813891129,0.5027789604893601,0.3338702008197557
389.4207318062228,0.3821952139814598,0.5068964856530827,0.4599613980028177
389.0152343382503,0.3609474097416866,0.570875472611921,0.23890175896225274
388.6097368702778,0.32860025808608373,0.5347629429810269,0.3076019906413199
388.20423940230523,0.425481644083819,0.41160657830093017,0.24588752607786898
387.7987419343327,0.363277190098424,0.5159563342060492,0.27834307166951644
387.39324446636016,0.28779922789803875,0.4962725161455953,0.1557287631017458
386.98774699838765,0.3240265281211469,0.5484991935608238,0.3258576643223715
386.58224953041514,0.3470645778494677,0.3984624089446721,0.40362631669639615
386.1767520624426,0.28338189086980115,0.5138728821622571,0.2284008916929589
385.77125459447007,0.2829479991578876,0.41329049213010666,0.5217613230962419
385.36575712649756,0.3457933071324362,0.5123977491205439,0.09894662587590602
384.960259658525,0.279669895327044,0.37170122997629695,0.24336919963525883
384.5547621905525,0.3321754726826254,0.35943351901975856,0.27910609946558756
384.14926472257997,0.31652941459142586,0.46303433684485895,0.1785575746085043
383.7437672546074,0.33805768149429366,0.41839727381720043,0.3678028077395204
383.3382697866349,0.3467872813439077,0.43979453652179357,0.2037777424860725
382.9327723186624,0.30628190801650146,0.3774394804506725,0.2042806556527672
382.5272748506898,0.30034165381733935,0.5090988633047941,0.15276314073054847
382.1217773827173,0.33728396625285784,0.38041236676050255,0.22323178381277892
381.7162799147448,0.3919805344820276,0.4142857632144487,0.19958344048962873
381.31078244677224,0.4019177050078843,0.461669954248209,0.13442139021646954
380.9052849787997,0.24420921082014518,0.40193985630117063,-0.014909723707548643
380.4997875108272,0.40984946541799816,0.405227807119808,0.2773453875296423
380.09429004285465,0.34574745161021375,0.46595218318919546,0.3483947151279607
379.68879257488214,0.2597633873828826,0.41567804786873264,0.19046207738806575
379.28329510690963,0.25857875716273904,0.35633823412780774,-0.006229593824438161
378.87779763893707,0.4037918212291227,0.3183637549332541,0.12171688360316493
378.47230017096456,0.3404782985106606,0.22227355223934406,0.10919695244648842
378.06680270299205,0.23073246339946002,0.4540962634284172,0.14040064768918276
377.6613052350195,0.2334265074016846,0.3883799445738933,0.005178817374228808
377.255807767047,0.3169915095463386,0.40299261096914235,0.2740552096159113
376.8503102990744,0.17910330672788988,0.38467549460162753,0.09464914182530985
376.4448128311019,0.32811672188812857,0.35357277476542887,-0.11114379019638188
376.0393153631294,0.19847178514306543,0.20833950389441308,0.0989964329654219
375.6338178951568,0.22440387179584667,0.3749537801724627,0.07405784375828699
375.2283204271843,0.21354707347430876,0.5270145542075729,0.14829901601722673
374.8228229592118,0.25758898809810626,0.3312450964493568,-0.0492382456547938
374.41732549123924,0.24790661132104172,0.28267350420348997,0.0628824840666033
374.01182802326673,0.14187680790853746,0.28123020816968275,0.24447843306192327
373.6063305552942,0.20254422346418188,0.2412793208216043,0.07733447610922033
373.20083308732166,0.09534308825453967,0.26603653061944743,0.00880261730195387
372.79533561934915,0.1928841895421273,0.2573293550987977,0.18825590120112334
372.38983815137664,0.17815475767937228,0.20983444599556994,0.15737460906506898
371.98434068340407,0.14391345317185955,0.28429780724760206,-0.01588941155855457
371.57884321543156,-0.02821491273145487,0.12340387046352438,0.11761902216764386
371.17334574745905,0.17685394494309636,0.31476839241412014,0.07957011200785571
370.7678482794865,0.17057773339084875,0.0853717949647601,0.1344883366904778
370.362350811514,0.11704161901111822,0.2373064797800184,-0.17096049423908644
369.95685334354147,0.06069483442267872,0.08669965698027259,0.14614483076107868
369.5513558755689,0.12887345515760928,0.2901560217416009,-0.1281180086090927
369.1458584075964,0.14353198194670658,0.1696862110833941,-0.2561422078240493
368.7403609396239,0.16586427276410162,0.31739636609508065,0.08618973368074999
368.3348634716513,0.06879230657775105,0.06774646591869937,0.11333641772986486
367.9293660036788,0.07846851266785275,-0.0032551660151703505,0.14559260567247778
367.52386853570624,0.10991069619277048,0.1428866462054321,-0.1682352719400936
367.11837106773373,-0.00305426661365059,0.2594161021061649,-0.0484131371499562
366.7128735997612,0.19542205115100292,-0.028440110416616274,0.13315893959390984
366.30737613178866,0.17044466170731562,0.18619386546605185,0.16905206380296364
365.90187866381615,0.08145707759693013,-0.07431523302206298,0.025863332753920346
365.49638119584364,-0.004760887808548624,-0.11387358482077133,-0.05553865920326448
365.0908837278711,0.07102768592175962,-0.018856426584500607,0.012656786399605834
364.68538625989856,0.11681126390386948,0.18242712143365586,-0.04792511426608875
364.27988879192606,-0.03469352590035375,0.2794932770343102,-0.07882402238942295
363.8743913239535,0.07407940538906686,0.12876110426743154,-0.06468293663026961
363.468893855981,-0.026190737825469757,0.25817833904541815,0.0463258457342212
363.06339638800847,0.10974654535178074,0.030066892820102557,0.03282342306769826
362.6578989200359,-0.0476751514674002,0.20521007100254618,0.00897172351700357
362.2524014520634,0.18901639299407375,0.03342952724241075,0.2038104256626938
361.8469039840909,-0.02210825797709109,0.1287653476603659,-0.0983764607822237
361.4414065161183,0.020449117544222472,0.023481764834936126,-0.2845241660421155
361.0359090481458,0.057394660884402066,0.17012497545947036,0.15920615615801204
360.6304115801733,0.14895271579580152,-0.12038548453564724,0.04134196385639251
360.22491411220074,0.04874372937133349,0.22663805054123579,-0.19241848963751074
359.8194166442282,-0.099196023190241,-0.07159462868015773,0.04226054342159335
359.4139191762557,0.0593825827183527,-0.053511394389744324,-0.3158985521759687
359.00842170828315,0.06646824816337649,0.08220590380095807,0.14370177402103085
358.60292424031064,0.14195287237964083,0.2754081791918195,0.20080947053877707
358.19742677233813,0.03836631639953598,0.12359658792169277,-0.004703840315043179
357.79192930436557,0.02147643461700639,-0.0017179523199058499,0.09426198333653261
357.38643183639306,0.15864126576376825,-0.21931558017958458,0.048986753992333834
356.9809343684205,-0.0289844058677655,0.12935209365985115,0.13028420712817845
356.575436900448,0.024514587343499088,-0.06830600726803053,-0.09096348274887955
356.1699394324755,0.006516086236477543,-0.031207655854998493,-0.06943325962089936
355.7644419645029,0.21340464907815987,0.060786864456468345,0.004724222484854661
355.3589444965304,-0.06693380802196763,0.08100647406018696,0.20070363086524365
354.9534470285579,0.029590476920702297,0.12150101416128717,0.03327725286488517
354.5479495605853,0.18638626055529703,0.0742842469390616,0.12942314625914975
354.1424520926128,-0.01593884205716121,0.11901652301439411,-0.09604856524799568
353.7369546246403,-0.03547954821493773,-0.14674701296957002,-0.14736799504332546
353.33145715666774,0.1664394386708634,0.26100967298134997,0.14617631360343508
