longueur,spectre 0,spectre 1
675.7454192972824,-0.2054417516904014,0.23940680164751313
675.4856917375789,-0.22300504701212243,0.24498370692018268
675.2259641778753,-0.23592556557060623,0.26093061930920025
674.9662366181718,-0.2206335006679043,0.2408377196773493
674.7065090584682,-0.25357668704847164,0.2784393531290907
674.4467814987647,-0.22928022758667985,0.25816284002347284
674.1870539390611,-0.24802457221661475,0.27304530076584704
673.9273263793576,-0.24434710041339627,0.2692169857355498
673.6675988196541,-0.25250527762336394,0.28105821352856875
673.4078712599505,-0.22639021992559255,0.24467517957471466
673.148143700247,-0.2488964410077298,0.2809559803096564
672.8884161405434,-0.2563749147153803,0.2942115711256911
672.6286885808399,-0.23708243121477116,0.2705896801874974
672.3689610211363,-0.2257988617997295,0.2618916956888557
672.1092334614328,-0.2592816545080349,0.29136710890098433
671.8495059017293,-0.2260245104047496,0.25689539930876903
671.5897783420257,-0.22477709658905062,0.25949091864688983
671.3300507823222,-0.26896895989895037,0.28378845895252724
671.0703232226186,-0.2554736413213576,0.2872214205175915
670.8105956629151,-0.25883799522177275,0.2911582777251131
670.5508681032115,-0.2753390791747068,0.30863648410737554
670.291140543508,-0.2474843431347656,0.2819754746195475
670.0314129838046,-0.24832862410556125,0.2862208533685492
669.771685424101,-0.25536848621326835,0.27722116201409763
669.5119578643975,-0.2553078209333174,0.29228337461738835
669.2522303046939,-0.26881129258154507,0.29743668256131783
668.9925027449904,-0.25138443316590237,0.2835988276017201
668.7327751852868,-0.27060466476831496,0.30834810733037415
668.4730476255833,-0.2594821395862326,0.30204312187691906
668.2133200658798,-0.27975784862213626,0.30390509523224685
667.9535925061762,-0.27558777244097854,0.2970402573890818
667.6938649464727,-0.26190492935189574,0.295921531932222
667.4341373867691,-0.2717598982553874,0.3044885459824658
667.1744098270656,-0.25384072429125926,0.28398714596227104
666.914682267362,-0.2611283102564895,0.29611105445786007
666.6549547076585,-0.2838782447185199,0.31481276526449226
666.395227147955,-0.2689648865514592,0.2978718020980773
666.1354995882514,-0.26820935678885377,0.29272790984242886
665.8757720285479,-0.27431977076372716,0.30256421174560494
665.6160444688443,-0.27691078711678424,0.2988974647981531
665.3563169091408,-0.2692993619252425,0.29817045088408933
665.0965893494372,-0.28528544578843307,0.31863174682394835
664.8368617897337,-0.26546992549618886,0.2930078259796025
664.5771342300302,-0.2575134381728289,0.29447967894177335
664.3174066703266,-0.2562105008482096,0.2803297828986565
664.0576791106231,-0.26074853425989614,0.2866691893155646
663.7979515509195,-0.2677600783106262,0.30806036670071685
663.538223991216,-0.25380718256918605,0.27995382593181295
663.2784964315124,-0.2661561102247407,0.2871962775570828
663.0187688718089,-0.2716488463463947,0.3019778359248721
662.7590413121054,-0.2943042192285441,0.33687250128546053
662.4993137524018,-0.2760611202862177,0.3062624667314191
662.2395861926983,-0.2810379533991369,0.30470434568958443
661.9798586329947,-0.2823237337248509,0.3130783214462646
661.7201310732912,-0.2782502761221074,0.30154937328578785
661.4604035135876,-0.27607816329398005,0.3102590406774191
661.2006759538841,-0.26869366907412084,0.2941589360977597
660.9409483941806,-0.2654739033253665,0.2941813396174568
660.681220834477,-0.27236713849529526,0.3000349382033463
660.4214932747735,-0.2630986442516187,0.28931916095089827
660.1617657150699,-0.2627227726802389,0.30044419728576843
659.9020381553664,-0.2721856559436994,0.30318045569970964
659.6423105956628,-0.27773151187131334,0.2991463885510157
659.3825830359593,-0.2584099253694584,0.29129887143864563
659.1228554762558,-0.25857490525103183,0.285472263788725
658.8631279165522,-0.26554204737080606,0.29890326947202767
658.6034003568487,-0.2777338597115199,0.30441345699098243
658.3436727971451,-0.25849048952110865,0.2828272636919095
658.0839452374416,-0.284389479094574,0.3085896714177693
657.824217677738,-0.2599501382997953,0.28389460993328725
657.5644901180345,-0.2590706160708857,0.2903581015468908
657.304762558331,-0.26038560680996564,0.2939940997467259
657.0450349986274,-0.2625276374612511,0.29367826715017653
656.785307438924,-0.2730989903636989,0.3031190092512434
656.5255798792203,-0.27511006363866775,0.30449732936220764
656.2658523195169,-0.2615112687483189,0.28782972004857693
656.0061247598132,-0.24584764801457445,0.2724714477400476
655.7463972001098,-0.2571702388821942,0.2885915174417284
655.4866696404063,-0.26033782657021914,0.292736916828757
655.2269420807027,-0.2701267329928087,0.2938456275920105
654.9672145209992,-0.25858723322218263,0.2870079888136749
654.7074869612956,-0.25752830332716115,0.28376492991842767
654.4477594015921,-0.25941233561694516,0.28589712623190844
654.1880318418885,-0.25965993608819554,0.2933454992204989
653.928304282185,-0.25267899888590917,0.2806985022151443
653.6685767224815,-0.24397190015362183,0.273617977552947
653.4088491627779,-0.26092587581166093,0.289860240063407
653.1491216030744,-0.2538258309997686,0.28701805502743954
652.8893940433708,-0.24804335055906762,0.27558610467713135
652.6296664836673,-0.25813280184131604,0.284272463574393
652.3699389239637,-0.25851317609682256,0.2791380071369393
652.1102113642602,-0.2637369362854377,0.2920946381866818
651.8504838045567,-0.25733346633959425,0.27758584482852466
651.5907562448531,-0.24172854690874618,0.2624699422633604
651.3310286851496,-0.24627315325445567,0.27017826736604805
651.071301125446,-0.23800199905435676,0.263664731144043
650.8115735657425,-0.23656141366129987,0.2730169185538924
650.5518460060389,-0.24472314286045013,0.2722870575126894
650.2921184463354,-0.24820877536334557,0.27131366523245365
650.0323908866319,-0.2308625408435912,0.25410441950307544
649.7726633269283,-0.25091997766282753,0.2792184010388535
649.5129357672248,-0.2675523631251502,0.2848439999212149
649.2532082075212,-0.24774072238527872,0.2737487225866753
648.9934806478177,-0.24042050952249674,0.2661804631794248
648.7337530881141,-0.2630895857930424,0.28746952235011985
648.4740255284106,-0.24717518352689066,0.2777860403974583
648.2142979687071,-0.2316114213159536,0.2630804427703926
647.9545704090035,-0.2489518024524777,0.2747253999720419
647.6948428493,-0.23800759096166033,0.2612936218824157
647.4351152895964,-0.23461696920954825,0.25858158502165124
647.1753877298929,-0.2500698675099493,0.26661815332535926
646.9156601701893,-0.24742337247634547,0.275717440734033
646.6559326104858,-0.22340038202326373,0.2504171217402048
646.3962050507823,-0.23722561926026378,0.26485955769451447
646.1364774910787,-0.24752220351280474,0.26659324631898174
645.8767499313752,-0.2282397117061899,0.25145701567965745
645.6170223716716,-0.22288080541555544,0.24997223801595153
645.3572948119681,-0.2304830458755739,0.25708390780574525
645.0975672522645,-0.23224131432132694,0.2576469614293434
644.837839692561,-0.2336974624887616,0.25873541526750604
644.5781121328575,-0.23248669294404833,0.2491163735823068
644.3183845731539,-0.2090084550928195,0.23225952984436438
644.0586570134504,-0.2327515026706024,0.25922171809242195
643.7989294537468,-0.22987416320154969,0.25559246014390385
643.5392018940433,-0.22358879290749215,0.2481520116550209
643.2794743343397,-0.23053360374512138,0.24304888584677772
643.0197467746362,-0.23757125673256743,0.26024415745074164
642.7600192149328,-0.23418011715103057,0.25452543245470105
642.5002916552291,-0.21195224768868892,0.24014886663472518
642.2405640955257,-0.22896697256908255,0.2537777279450061
641.980836535822,-0.22563684078564278,0.25253723464465083
641.7211089761186,-0.2208187419770913,0.24449356510069364
641.461381416415,-0.22343704894657487,0.2478922779167972
641.2016538567115,-0.2209452743526499,0.23997369581565767
640.941926297008,-0.21986301080704154,0.24699641940465214
640.6821987373044,-0.20744599802006028,0.22654951679122093
640.4224711776009,-0.2194230450358161,0.23840229929534973
640.1627436178973,-0.22849254002304673,0.2461937946375548
639.9030160581938,-0.2189939464361862,0.242393855976035
639.6432884984902,-0.20959178210627652,0.2338609156236549
639.3835609387867,-0.2100978816593118,0.22579385200145755
639.1238333790832,-0.20409956170082894,0.21829922949222863
638.8641058193796,-0.20678649417795625,0.2294845727455111
638.6043782596761,-0.19916854791947788,0.22317038322005664
638.3446506999725,-0.19456533635565573,0.21717718755067517
638.084923140269,-0.19952492107538758,0.22346782550163508
637.8251955805654,-0.1961145124313803,0.21443652835841956
637.5654680208619,-0.20679042618663385,0.22706894003846737
637.3057404611584,-0.2042047347611234,0.22051757044149428
637.0460129014548,-0.1981401102936639,0.21779417732619047
636.7862853417513,-0.19214898172884806,0.21014118718832295
636.5265577820477,-0.18930580438163727,0.20746914251396084
636.2668302223442,-0.18731866096282937,0.20812696221166826
636.0071026626406,-0.18831487195836874,0.2030770101109807
635.7473751029371,-0.18898003071236164,0.20622410841823688
635.4876475432336,-0.192591678255617,0.21168406708877088
635.22791998353,-0.18234341835068127,0.206698097494355
634.9681924238265,-0.18393514563745877,0.1999003515877819
634.7084648641229,-0.1819492076927404,0.1981336997868461
634.4487373044194,-0.17922161289880958,0.20168053104606565
634.1890097447158,-0.17487968198701379,0.19305407229917732
633.9292821850123,-0.16877049468295627,0.1889430332629668
633.6695546253088,-0.1799460667119096,0.19207803732637488
633.4098270656052,-0.17920791871090966,0.19266103606411375
633.1500995059017,-0.18227994796073257,0.19544652616360078
632.8903719461981,-0.15903372411798247,0.17110156425576317
632.6306443864946,-0.15805493845616395,0.17084776574190205
632.370916826791,-0.17191728405254966,0.1865118983101261
632.1111892670875,-0.16966399496109813,0.1826127343123469
631.8514617073839,-0.15714487957093984,0.17361722021509063
631.5917341476804,-0.17486099380221132,0.19368444747359165
631.3320065879769,-0.1597167641493595,0.1715601775880968
631.0722790282733,-0.14979562797421253,0.15559538452993293
630.8125514685698,-0.14654260698186267,0.15766582549038735
630.5528239088662,-0.15516495454975315,0.16869640351950949
630.2930963491627,-0.14777551114197443,0.15827428166658272
630.0333687894591,-0.14496901764722878,0.1607458254363913
629.7736412297556,-0.13769520049287806,0.1494044692981286
629.5139136700521,-0.1189619174978321,0.13183258253797425
629.2541861103485,-0.12827799092993808,0.1401035084645305
628.994458550645,-0.13546158526826746,0.1467959668592336
628.7347309909414,-0.12397768761739786,0.1372255725433729
628.475003431238,-0.13680137076066376,0.14695796006451264
628.2152758715343,-0.12570071377577158,0.13882190499484173
627.9555483118309,-0.1297216797844532,0.142513753556884
627.6958207521274,-0.12338385130804495,0.13232476705606055
627.4360931924238,-0.1138198182405801,0.12495756052801398
627.1763656327203,-0.11568160901506369,0.12791988085039238
626.9166380730167,-0.10865501006111444,0.12143028158679257
626.6569105133132,-0.11481420455115188,0.13126531616744566
626.3971829536096,-0.12073828852865556,0.13443571503625334
626.1374553939061,-0.11464498487001523,0.1226957965361601
625.8777278342026,-0.11135082484088882,0.12008696303302965
625.618000274499,-0.10860249120473078,0.11519837544059615
625.3582727147955,-0.08755629053522772,0.10268993600765991
625.0985451550919,-0.10136853242097114,0.11368541568220848
624.8388175953884,-0.09483167564828561,0.10787778230426183
624.5790900356848,-0.08933081213153121,0.09609017918797606
624.3193624759813,-0.09599524415000543,0.10249528357057852
624.0596349162778,-0.09019319837742179,0.10262980634507282
623.7999073565742,-0.10536770507911782,0.11513720908288622
623.5401797968707,-0.09189866798705154,0.10270198990253857
623.2804522371671,-0.07557297622987205,0.08356788594918375
623.0207246774636,-0.08942690785966508,0.09749500811729628
622.76099711776,-0.08400261921598802,0.0971429586737529
622.5012695580565,-0.07525365372604761,0.08458395849112647
622.241541998353,-0.09310219672715506,0.0977125135798199
621.9818144386494,-0.08820604620266458,0.09426946156426733
621.7220868789459,-0.06923535714246076,0.07706443760461223
621.4623593192423,-0.08461744530767525,0.09317076591734287
621.2026317595388,-0.08420788807955075,0.09367193830548623
620.9429041998352,-0.07447473810489116,0.08959731986814734
620.6831766401317,-0.07248292964481015,0.08173327471555171
620.4234490804282,-0.08165366820279307,0.09321119493596598
620.1637215207246,-0.08397935659431009,0.09524928712187751
619.9039939610211,-0.07903371743168623,0.09066599841360358
619.6442664013175,-0.08629714965407605,0.09497612721340094
619.384538841614,-0.08575500970370283,0.09970978639714993
619.1248112819104,-0.08213677223048402,0.08708847168003238
618.8650837222069,-0.08838569633259817,0.09878527418288226
618.6053561625034,-0.0951209863626813,0.10710643594990743
618.3456286027998,-0.08829029025262321,0.09777281515840693
618.0859010430963,-0.09404058018067397,0.10583691457396494
617.8261734833927,-0.08711283035626194,0.0923304086272224
617.5664459236892,-0.11039499509255771,0.12078972709837923
617.3067183639856,-0.08397472575666967,0.09211239469622538
617.0469908042821,-0.09784755900419223,0.10838501393445495
616.7872632445786,-0.09852284051438202,0.10603493696531785
616.527535684875,-0.0990862469114061,0.10861714417718528
616.2678081251715,-0.11137965224745547,0.1167397201183916
616.0080805654679,-0.10614535597515667,0.11436003196330233
615.7483530057644,-0.1172316705617449,0.1253236442536519
615.4886254460608,-0.11886378943938837,0.12839895592032444
615.2288978863573,-0.10747839897324392,0.11684308075941284
614.9691703266539,-0.11104076854531197,0.11937742070315122
614.7094427669502,-0.1185095831824692,0.13094816524942557
614.4497152072468,-0.12556905336022278,0.13383113433603955
614.1899876475431,-0.12423915863250672,0.1360053334890721
613.9302600878397,-0.12670697520988303,0.14421117422685698
613.670532528136,-0.12344848995954394,0.1346862007220169
613.4108049684326,-0.12196786555561567,0.13351275677438706
613.1510774087291,-0.13658591861772895,0.14511411954522435
612.8913498490255,-0.14035277337231902,0.15100990769821776
612.631622289322,-0.13068998913676733,0.13718129408722543
612.3718947296184,-0.13505886466934977,0.14806314636876988
612.1121671699149,-0.14005332945775847,0.15084688426132614
611.8524396102113,-0.13677030228867293,0.1475782374437452
611.5927120505078,-0.140645412657774,0.15167398256112993
611.3329844908042,-0.1610437072585092,0.16795117292648967
611.0732569311007,-0.1379934873807692,0.14922545286559724
610.8135293713972,-0.1464687989377381,0.1547202088519309
610.5538018116936,-0.13633036749935443,0.14110908802327826
610.2940742519901,-0.14029350402285876,0.14459121408185008
610.0343466922865,-0.1583963211225548,0.16923820882382556
609.774619132583,-0.15479181066152034,0.16006885611701407
609.5148915728794,-0.16370106811853613,0.17121406315382826
609.2551640131759,-0.15254539718266083,0.1642946524887724
608.9954364534724,-0.1558654653247285,0.16578386995040734
608.7357088937688,-0.16271852119854452,0.17249454441226855
608.4759813340653,-0.15420533402346023,0.16420260078173443
608.2162537743617,-0.16112895242978267,0.1711254153648584
607.9565262146582,-0.16736269484573527,0.1772887041967677
607.6967986549546,-0.1717903993858952,0.18216058128796017
607.4370710952511,-0.1690086614267794,0.1834419011464089
607.1773435355476,-0.1661067044006707,0.1812457174099463
606.917615975844,-0.1713653308343976,0.18280574938545496
606.6578884161405,-0.16316908338647457,0.17631423614537303
606.3981608564369,-0.180264292355768,0.18975566486191534
606.1384332967334,-0.17893671616169882,0.1898675290910957
605.8787057370298,-0.17816436440975442,0.18540982323231317
605.6189781773263,-0.18729893580686952,0.19617957143624443
605.3592506176228,-0.183263139450014,0.19267518126814917
605.0995230579192,-0.1923035902717704,0.20037625041739549
604.8397954982157,-0.17871741089411886,0.19113741871671022
604.5800679385121,-0.1928010903584149,0.20298758846441137
604.3203403788086,-0.2004637705337001,0.21490717208779486
604.060612819105,-0.19812919127013492,0.21304112568010206
603.8008852594015,-0.19555212688202522,0.20990052360920855
603.541157699698,-0.19429607567783916,0.21007701354510777
603.2814301399944,-0.19753492101673628,0.21457613253197236
603.0217025802909,-0.20831789601434933,0.2226198636243018
602.7619750205873,-0.19600035948204125,0.2110117763835801
602.5022474608838,-0.2001826002994428,0.2117448026493153
602.2425199011802,-0.20889348660267293,0.21995258660712771
601.9827923414767,-0.2027460391177225,0.21423559559396008
601.7230647817732,-0.20417137190665383,0.21503908592584753
601.4633372220696,-0.20871536355341697,0.2191070859828479
601.2036096623661,-0.20528136814808007,0.22163200361563493
600.9438821026625,-0.21268954522429018,0.2242634018067588
600.684154542959,-0.21319612730113738,0.22306753256863102
600.4244269832554,-0.22406654124562497,0.23552486576602386
600.164699423552,-0.22370020499213233,0.2344323907097119
599.9049718638485,-0.22628234735541844,0.23592051431813982
599.6452443041449,-0.22790191553455696,0.23607582549256254
599.3855167444414,-0.23359828017762552,0.2431724302229485
599.1257891847378,-0.22745501663217352,0.2367827564176519
598.8660616250343,-0.2263677720188285,0.2369461655110123
598.6063340653307,-0.23072809166093336,0.243765657752108
598.3466065056272,-0.23242379940923852,0.24331079005626344
598.0868789459237,-0.2273637149218138,0.24140488886992867
597.8271513862201,-0.22751099257211113,0.24068318151889748
597.5674238265166,-0.2340831249391659,0.24608839202120872
597.307696266813,-0.23627521284953149,0.24909222799553643
597.0479687071095,-0.22871117114764128,0.23861348682259514
596.7882411474059,-0.2393697049672656,0.2522383682328272
596.5285135877024,-0.23402414151013484,0.2486639959731409
596.2687860279989,-0.24084694623401126,0.255345781941958
596.0090584682953,-0.24235768031062868,0.2547005271714205
595.7493309085918,-0.24224269648736754,0.25768482213416005
595.4896033488882,-0.2379635756162505,0.25047471191543436
595.2298757891847,-0.2337407907342342,0.24859678427873202
594.9701482294811,-0.23925291963015868,0.25563984058372663
594.7104206697776,-0.24021486295136826,0.2550700564227223
594.4506931100741,-0.24302207512084667,0.25396680181532827
594.1909655503705,-0.24725184543266077,0.2604488244886118
593.931237990667,-0.24827740336872106,0.2634951475276195
593.6715104309634,-0.24866378608408488,0.26069789692038575
593.4117828712599,-0.24659928863164265,0.2598211827495057
593.1520553115563,-0.24659407235133415,0.2591445717292464
592.8923277518528,-0.24700641254480024,0.2584866441047533
592.6326001921493,-0.2503998015573311,0.2599410448015916
592.3728726324457,-0.25106350248128884,0.262580318322719
592.1131450727422,-0.2430608280170504,0.25640766564823764
591.8534175130386,-0.24838086507263726,0.2633522223724528
591.5936899533351,-0.24573262457745734,0.2597766941258448
591.3339623936315,-0.23910618168275427,0.25510069889843273
591.074234833928,-0.24269770793937223,0.2613073021327342
590.8145072742245,-0.2413032399234804,0.2593538037026124
590.5547797145209,-0.24155382292920338,0.25936289394479806
590.2950521548174,-0.23430954757850309,0.24851635047564238
590.0353245951138,-0.24336930415051589,0.255654470551414
589.7755970354103,-0.23968163686835034,0.2540198194379647
589.5158694757067,-0.24223249188545634,0.2579713359212469
589.2561419160032,-0.24581847031290133,0.259772207415776
588.9964143562997,-0.24488737939857683,0.26007248887219253
588.7366867965961,-0.2441332746781643,0.26089907981124183
588.4769592368926,-0.24313228486522087,0.2554585777376138
588.217231677189,-0.24357359359456834,0.2577154332557778
587.9575041174855,-0.24258918069660484,0.25783640302713084
587.6977765577819,-0.24090431182859368,0.25616231340779355
587.4380489980784,-0.24002648798024306,0.25449664221460006
587.178321438375,-0.23720308567283208,0.2537931585417986
586.9185938786713,-0.24534486971964176,0.26219321893450603
586.6588663189679,-0.24056053949430942,0.25589424338469824
586.3991387592642,-0.24101379341777857,0.25657653277719256
586.1394111995608,-0.23712356405398127,0.25072349242300773
585.8796836398571,-0.24398686729760016,0.2590734364407159
585.6199560801537,-0.23725683420171936,0.2532282316881633
585.3602285204502,-0.23774415627665946,0.25607521755725143
585.1005009607466,-0.23909431661852734,0.2552047924190089
584.8407734010431,-0.2374986032869545,0.25283098815419425
584.5810458413395,-0.24121713006450396,0.25698633774777263
584.321318281636,-0.24090487147188064,0.2568610416473416
584.0615907219324,-0.24102859189763834,0.256858684045362
583.8018631622289,-0.2391734876931011,0.2561109066444522
583.5421356025254,-0.2442010466320109,0.26106554103944624
583.2824080428218,-0.23698582960968095,0.2540723510063642
583.0226804831183,-0.24201108856022316,0.2586749667793964
582.7629529234147,-0.24094018246545917,0.25688914239056737
582.5032253637112,-0.24301682459707097,0.2588739519086113
582.2434978040076,-0.2403141247681545,0.25804157000153644
581.9837702443041,-0.24052540377357426,0.2563279580524344
581.7240426846006,-0.244197300859372,0.2594331426423941
581.464315124897,-0.2377668832611837,0.2530000536841436
581.2045875651935,-0.23851539265386146,0.2538264532544861
580.9448600054899,-0.23626797860271256,0.2503366156585448
580.6851324457864,-0.23205771460556007,0.2488121174181391
580.4254048860828,-0.23495188076613158,0.2517058448575662
580.1656773263793,-0.22887853977034275,0.24385080276692822
579.9059497666758,-0.22406228721787655,0.23973194409713136
579.6462222069722,-0.22810188054912886,0.24392880883153312
579.3864946472687,-0.2265920235121371,0.24028421747873357
579.1267670875651,-0.22086237448568366,0.23726093219767302
578.8670395278616,-0.22077020317488177,0.23643014020198183
578.607311968158,-0.2236991604082565,0.23986129152680885
578.3475844084545,-0.22007596330360701,0.23696354464384817
578.087856848751,-0.21535062906990957,0.23114015627615467
577.8281292890474,-0.21729714493919186,0.23469395971705065
577.5684017293439,-0.2123513689842954,0.23045966634793358
577.3086741696403,-0.21970105663421077,0.23802270066031878
577.0489466099368,-0.21530781662294812,0.2328586462577406
576.7892190502332,-0.21485200406996993,0.23171526256407177
576.5294914905297,-0.2096695216886312,0.22492167634765384
576.2697639308262,-0.21126608861692014,0.2283743895987877
576.0100363711226,-0.21051231029116957,0.22723559823526593
575.7503088114191,-0.21145499460498401,0.22783435540281174
575.4905812517155,-0.21079982504518438,0.22923106512943903
575.230853692012,-0.21093601632651887,0.2295510259452444
574.9711261323084,-0.2142859497510688,0.23110943279784957
574.7113985726049,-0.21698714880867148,0.23504725722671954
574.4516710129014,-0.2137102736683188,0.23064629242519488
574.1919434531978,-0.21213483844536474,0.22973323153618266
573.9322158934943,-0.21488237623990497,0.231450501257017
573.6724883337907,-0.21272431720216772,0.2309211951588942
573.4127607740872,-0.20716070512253298,0.22548713944984652
573.1530332143836,-0.20614591693909498,0.22356133879115228
572.8933056546801,-0.20921760470918188,0.23027106630281974
572.6335780949767,-0.20066892773709905,0.21878109094574566
572.373850535273,-0.2070826445429436,0.2221627405296743
572.1141229755696,-0.20524442704425241,0.2234186591276609
571.854395415866,-0.20657581268878614,0.2255265339818793
571.5946678561625,-0.20650702365147303,0.22375570867873548
571.3349402964589,-0.20272361034501718,0.22142553809340002
571.0752127367554,-0.20682673002668314,0.22557779780396775
570.8154851770519,-0.20782144809260794,0.22640271432545436
570.5557576173483,-0.2011833828583646,0.21877812316677506
570.2960300576448,-0.20270242199369645,0.22198641377979272
570.0363024979412,-0.20679185380554066,0.22490553231860086
569.7765749382377,-0.20914448493876972,0.2262545945090297
569.5168473785341,-0.205461885349754,0.22365584352433507
569.2571198188306,-0.20528028263397108,0.22442945951955554
568.9973922591271,-0.2074539327998238,0.22730474659460373
568.7376646994235,-0.20853673761678856,0.2267993871318525
568.47793713972,-0.2074669741597806,0.22550310911018723
568.2182095800164,-0.20838175540609544,0.22818237243705763
567.9584820203129,-0.2083155472200946,0.22987165994918843
567.6987544606093,-0.21000105937316735,0.22983516230711365
567.4390269009058,-0.2114086308889646,0.23179035766514297
567.1792993412023,-0.21676582372756084,0.23793343507267606
566.9195717814987,-0.21770216386960872,0.24053044340452423
566.6598442217952,-0.2147975149725059,0.23456733211903175
566.4001166620916,-0.21690765474594734,0.2355262095697547
566.1403891023881,-0.21518169266588794,0.2361524244530492
565.8806615426845,-0.21258104620212068,0.23473121209898612
565.620933982981,-0.21697348802250033,0.23811215452319429
565.3612064232775,-0.21629212604524,0.23930104119202203
565.1014788635739,-0.20969003457829274,0.23105188377317262
564.8417513038704,-0.21472344115046071,0.23761213643942328
564.5820237441668,-0.2197279301202815,0.24054501715962762
564.3222961844633,-0.2145268354292027,0.2353850522451268
564.0625686247597,-0.2167429390907842,0.23928090534595267
563.8028410650562,-0.2164787382852716,0.23965403718477163
563.5431135053527,-0.22019769912008796,0.24149193270003494
563.2833859456491,-0.21510988446525667,0.236662509071325
563.0236583859456,-0.21189754181123802,0.23463244208006723
562.763930826242,-0.21124981188764982,0.23477758289548892
562.5042032665385,-0.21248786949381013,0.2356169736051491
562.2444757068349,-0.2115073340558755,0.23484241671021946
561.9847481471314,-0.2095159944069764,0.23187412848055486
561.7250205874279,-0.20344306663390796,0.22756442985504524
561.4652930277243,-0.20376932760562144,0.2260959091077421
561.2055654680208,-0.2035098703624981,0.22539889960033696
560.9458379083172,-0.20734106232175167,0.23061529524173555
560.6861103486137,-0.2016483541901234,0.2251010174333382
560.4263827889101,-0.20235195442778292,0.22277644828500293
560.1666552292066,-0.19610740898967438,0.219820144789419
559.9069276695031,-0.19045133946763054,0.21251504324429468
559.6472001097995,-0.183430488134273,0.2054462454063451
559.387472550096,-0.18772850827131166,0.20968997948367665
559.1277449903924,-0.18494069624273604,0.2052776181096707
558.868017430689,-0.18280615407264458,0.20156130779654732
558.6082898709853,-0.17850793403123316,0.199384846581563
558.3485623112819,-0.18413135596401153,0.2043994841790651
558.0888347515784,-0.17241672008038023,0.19471148224572526
557.8291071918748,-0.1759069310211356,0.1964554747434707
557.5693796321713,-0.1765068821314346,0.19749699624522288
557.3096520724677,-0.17458351203224978,0.19490124726722355
557.0499245127642,-0.17804093180981775,0.19695776298875645
556.7901969530606,-0.17641436521185289,0.19619873427706216
556.5304693933571,-0.17369388791945253,0.19241327376219958
556.2707418336536,-0.17714960754029702,0.19408883942146254
556.01101427395,-0.17130605558533177,0.19031656647988543
555.7512867142465,-0.17064096419988428,0.1870296717970487
555.4915591545429,-0.17068478601377035,0.18928306562692354
555.2318315948394,-0.1691349195963165,0.18689335414086403
554.9721040351358,-0.16467052052316328,0.18020395618400672
554.7123764754323,-0.16029386588527664,0.1755398151929234
554.4526489157288,-0.15936647779041413,0.17678131032260688
554.1929213560252,-0.15842726038219332,0.17630080168549825
553.9331937963217,-0.15345951577676537,0.17234825310230634
553.6734662366181,-0.1572617664937829,0.17615445967853807
553.4137386769146,-0.15271288145628092,0.17287093428973946
553.154011117211,-0.1542025177510624,0.17262456507350882
552.8942835575075,-0.154576777121887,0.17149561337042465
552.634555997804,-0.1462005594296598,0.16307514788419633
552.3748284381004,-0.1480707399648821,0.16287693366094988
552.1151008783969,-0.14722654545216615,0.1651253663396866
551.8553733186933,-0.14136580453561778,0.1573504971887233
551.5956457589898,-0.142502657803708,0.1590447604161008
551.3359181992862,-0.15401284190910228,0.17098568420031157
551.0761906395827,-0.1483923162568217,0.16325593601252206
550.8164630798792,-0.14561791022351592,0.16132723001509297
550.5567355201756,-0.1513306557516029,0.16823841615404778
550.2970079604721,-0.1447024399514789,0.16073586523319386
550.0372804007685,-0.1469990100670515,0.1621906317655134
549.777552841065,-0.15373903244842116,0.16849309688734695
549.5178252813614,-0.14637346537837634,0.16450858074511981
549.2580977216579,-0.14645235259317,0.16204231342269348
548.9983701619544,-0.15003001911180305,0.16753398882167053
548.7386426022508,-0.14872896089409002,0.16578527294292864
548.4789150425473,-0.1493575211688841,0.16740772232461135
548.2191874828437,-0.145886349266857,0.16136774027123177
547.9594599231402,-0.1497651107128212,0.16700702311380125
547.6997323634366,-0.14924980854249778,0.16610619530670814
547.4400048037331,-0.1492424744147224,0.16541985749759514
547.1802772440296,-0.14785257714154412,0.1641818047929623
546.920549684326,-0.14293341974561596,0.15977191322868015
546.6608221246225,-0.15070375387611754,0.166693786531717
546.4010945649189,-0.14970611321342428,0.16474305019183527
546.1413670052154,-0.14448826248569152,0.16248796536532176
545.8816394455118,-0.14242559299768467,0.15908173151419464
545.6219118858083,-0.14950789700827297,0.16797703726339724
545.3621843261049,-0.15074792252381514,0.16636380630616346
545.1024567664012,-0.14160602281238013,0.15963295755752113
544.8427292066978,-0.14297063530245058,0.16126938527634796
544.5830016469941,-0.14915398063689503,0.16520357050194548
544.3232740872907,-0.14286516918598552,0.15923421292704645
544.063546527587,-0.140625089417162,0.1578561331562203
543.8038189678836,-0.14068874688833924,0.15642073269415754
543.5440914081801,-0.14337508229289267,0.16028988482021128
543.2843638484765,-0.14366634579739757,0.1592608667140367
543.024636288773,-0.13760850060298901,0.1539561071687482
542.7649087290694,-0.1368166335064654,0.15453351262127968
542.5051811693659,-0.13907357740533016,0.15621436565217722
542.2454536096623,-0.13537726745391782,0.15245532716003848
541.9857260499588,-0.13633608577922704,0.15311736350633118
541.7259984902553,-0.13015634898091108,0.14596506160967873
541.4662709305517,-0.1312716088986712,0.14662184072746975
541.2065433708482,-0.13001645307835077,0.1481089213464494
540.9468158111446,-0.12963689693560376,0.14544836513234755
540.6870882514411,-0.12626828976374058,0.14327358546831168
540.4273606917375,-0.1298480226257547,0.1443563427229995
540.167633132034,-0.12678619067995356,0.14179280690251309
539.9079055723305,-0.12491833894994235,0.1397055483936306
539.6481780126269,-0.12598388241005187,0.1404961061925556
539.3884504529234,-0.11928027999123926,0.13595206248670655
539.1287228932198,-0.12732212829658696,0.14391162029972732
538.8689953335163,-0.12485345506727093,0.13993983126910844
538.6092677738127,-0.1250396243426533,0.14243698846369607
538.3495402141092,-0.12085834569199318,0.13656208166031134
538.0898126544057,-0.12488101360672992,0.1409516862561492
537.8300850947021,-0.12965510972961683,0.14549444264094286
537.5703575349986,-0.13137782459285544,0.14686156388410374
537.310629975295,-0.13122863819682026,0.1486778752150046
537.0509024155915,-0.1238171978995984,0.14021194966773254
536.7911748558879,-0.12209957945329519,0.13826326635090896
536.5314472961844,-0.12334893360218926,0.14146311658310484
536.2717197364809,-0.12402503194978944,0.1413110815299702
536.0119921767773,-0.12748201842758405,0.14371964585668698
535.7522646170738,-0.1239246324061867,0.13937981848994616
535.4925370573702,-0.1245708104885475,0.14017600861057944
535.2328094976667,-0.11708912844663832,0.13110026975477282
534.9730819379631,-0.12383994539362451,0.1407137624727127
534.7133543782596,-0.12152940457720461,0.13903641511270945
534.4536268185561,-0.12208440381161062,0.1394330363037623
534.1938992588525,-0.12218704275776178,0.13955399272697935
533.934171699149,-0.12199725892600027,0.1391109385888612
533.6744441394454,-0.11829641679259503,0.13507472531766299
533.4147165797419,-0.12414141640599395,0.13841567145761124
533.1549890200383,-0.12007284764727157,0.1371420609144336
532.8952614603348,-0.11894145636928291,0.1374235563256966
532.6355339006313,-0.12234995796685035,0.14011390028424178
532.3758063409277,-0.12179033077723016,0.13717617529314724
532.1160787812242,-0.12377568303463427,0.14023695205190767
531.8563512215206,-0.11734467095187669,0.134766770559055
531.5966236618171,-0.11988385100660677,0.13522125194689233
531.3368961021135,-0.121743572274319,0.13833243533978157
531.07716854241,-0.11758648962468286,0.1344498090284778
530.8174409827066,-0.11737309122628711,0.13359282812012258
530.557713423003,-0.11523821010768037,0.13182287328085837
530.2979858632995,-0.12127948634583402,0.13822761604544867
530.0382583035959,-0.12099649396849778,0.13823437897693158
529.7785307438924,-0.12409822478624544,0.14179655315083287
529.5188031841888,-0.12038951330114922,0.13452718793471619
529.2590756244853,-0.11487350515590915,0.13215678322515378
528.9993480647818,-0.11417311596614,0.13270486083798072
528.7396205050782,-0.1193376738056592,0.1379444326672883
528.4798929453747,-0.11871984355199885,0.13564400093937953
528.2201653856711,-0.11722035080554147,0.13513443326090785
527.9604378259676,-0.1160679043407743,0.13304073219827695
527.700710266264,-0.11635128968996208,0.1323685289081196
527.4409827065605,-0.11471702272695955,0.13257166137034487
527.181255146857,-0.11755310223075922,0.13728467565328864
526.9215275871534,-0.11478448666682944,0.13241356754146721
526.6618000274499,-0.11330727853772585,0.131167821430753
526.4020724677463,-0.11623470788848944,0.13531020482601708
526.1423449080428,-0.12228335791014365,0.1411006179604121
525.8826173483392,-0.11884115051669061,0.13760183338739415
525.6228897886357,-0.11605523624672935,0.13570759781010844
525.3631622289322,-0.11186665841499419,0.1302411727115781
525.1034346692286,-0.11685917683093021,0.13360897547997982
524.8437071095251,-0.11784367697518747,0.13640786537485833
524.5839795498215,-0.11698017462088821,0.13584725167471912
524.324251990118,-0.11734202229165772,0.13429896979105718
524.0645244304144,-0.1172750766773022,0.13709041215059442
523.8047968707109,-0.11500632463586473,0.13397871343723045
523.5450693110074,-0.11472229909023972,0.13302177160184514
523.2853417513038,-0.11655464238085313,0.13420570750651345
523.0256141916003,-0.11212300335875977,0.13061361671054597
522.7658866318967,-0.11717382405956503,0.13606515245991865
522.5061590721932,-0.11414648804496402,0.13301518971856058
522.2464315124896,-0.11135545830894977,0.12992245003980207
521.9867039527861,-0.1173116842550186,0.13527242148423269
521.7269763930826,-0.11680911538911165,0.13432171731563985
521.467248833379,-0.11227040218369606,0.13104264659187168
521.2075212736755,-0.11729639512381161,0.13543578734474473
520.9477937139719,-0.10797875753846463,0.1298255033986384
520.6880661542684,-0.11073795413486072,0.1299014083490505
520.4283385945648,-0.11340014077993846,0.13208857875862848
520.1686110348613,-0.11341302956938312,0.13256080771967435
519.9088834751578,-0.10877762291427862,0.12960654779051398
519.6491559154542,-0.11387492641273937,0.1327671980935637
519.3894283557506,-0.11193999820477421,0.1310298307743853
519.1297007960471,-0.11443555345871731,0.13362223893130232
518.8699732363436,-0.11182563553512648,0.13168880059102878
518.61024567664,-0.11354451070536423,0.1319590912634735
518.3505181169365,-0.10808482312457056,0.12726610804960917
518.090790557233,-0.11155776935574693,0.1327251829784374
517.8310629975294,-0.11406194604739159,0.13463172030316986
517.5713354378258,-0.11306396350172507,0.13379552286742463
517.3116078781223,-0.11879963036671326,0.1396410552516918
517.0518803184189,-0.11617355340102296,0.13386135033968685
516.7921527587152,-0.11024190895360649,0.13074151948713617
516.5324251990118,-0.11275831530439087,0.13218413675944046
516.2726976393083,-0.11508044367784762,0.1353356917934699
516.0129700796047,-0.11005969958049934,0.13301585660110124
515.753242519901,-0.11832537608901424,0.13835225957179142
515.4935149601976,-0.1123680602076571,0.13295132551476674
515.2337874004941,-0.114289086066318,0.13394098208300445
514.9740598407905,-0.11332939316040562,0.13503691888873712
514.714332281087,-0.10935733212865024,0.13071717163950303
514.4546047213835,-0.11309608829097162,0.13169886815927626
514.1948771616799,-0.11376642180289039,0.13360980170296222
513.9351496019763,-0.11251963617094891,0.1328516477897954
513.6754220422728,-0.11292441355052331,0.13233872673785943
513.4156944825693,-0.11463053117073062,0.13537537819694434
513.1559669228657,-0.1123543004656544,0.134521248017319
512.8962393631622,-0.11506769594627432,0.13691428310405832
512.6365118034587,-0.10937728549506073,0.13271247148172646
512.3767842437551,-0.11080080599619584,0.13221020013570298
512.1170566840515,-0.11329484608109645,0.1342945732203872
511.857329124348,-0.11159737031754496,0.13452644312347073
511.5976015646445,-0.1112078789405394,0.13344024775505828
511.3378740049409,-0.11150759373922248,0.13380179103097992
511.0781464452374,-0.11603566257214035,0.13760452690026886
510.81841888553384,-0.11217234481718535,0.13601519394543518
510.5586913258303,-0.11584456432878974,0.1376055164096766
510.29896376612675,-0.10858148776485695,0.13276002393764755
510.0392362064232,-0.11406413944009372,0.13714851057391858
509.7795086467197,-0.11039504753204914,0.13380113899160245
509.5197810870161,-0.11287253424370107,0.1329000369537447
509.2600535273126,-0.11663201018652812,0.14068711817241503
509.00032596760906,-0.10979117254384202,0.1349046584722763
508.7405984079055,-0.11427462084651165,0.13557808737586557
508.48087084820196,-0.11573456954976598,0.13913257483104
508.2211432884984,-0.11507725908997576,0.1407769351294996
507.9614157287949,-0.11568814991253859,0.14013241373238625
507.7016881690913,-0.12116258497111612,0.14686825209295007
507.4419606093878,-0.11437351008771823,0.1402667346570861
507.18223304968427,-0.1132899704853988,0.13907592129604543
506.9225054899807,-0.1160969247397728,0.1398349830766341
506.6627779302772,-0.11694956377353874,0.14107291416179069
506.4030503705736,-0.11540084111071192,0.14076338765174315
506.14332281087013,-0.12308770693480092,0.1476511184066779
505.8835952511665,-0.11854832111442395,0.14589853371142386
505.62386769146303,-0.11668554827713944,0.14413887007782838
505.3641401317595,-0.11394566905751156,0.138892561224068
505.10441257205594,-0.12029403907042138,0.14606657923618552
504.8446850123524,-0.1198988044280447,0.14486942540691872
504.58495745264884,-0.11605293904338487,0.14430659424433087
504.32522989294534,-0.11385539342744477,0.13925859401159318
504.06550233324174,-0.11552382488796295,0.14182129593970308
503.80577477353825,-0.11723040644435655,0.14470118460266182
503.5460472138347,-0.11848080843553493,0.1431295548505709
503.28631965413115,-0.11685782604214356,0.14363669918599295
503.0265920944276,-0.12045530002839468,0.14675137949450487
502.76686453472405,-0.11866635317018666,0.1451537962787781
502.50713697502056,-0.119066855580058,0.14420027002751204
502.24740941531695,-0.11786866628316921,0.14376437591030314
501.98768185561346,-0.11377238432276547,0.13896752377258434
501.7279542959099,-0.1204558095540406,0.14579606577731316
501.46822673620636,-0.11569962345129181,0.14379921859207742
501.2084991765028,-0.11661973887535111,0.14457836322633563
500.94877161679926,-0.12201294015100927,0.1490573878065407
500.68904405709577,-0.1255570825461545,0.1541742052972523
500.42931649739216,-0.1238969920610166,0.15269970933757554
500.1695889376887,-0.12411927589646461,0.15114333272156003
499.9098613779851,-0.12177982319124546,0.14895975349581358
499.6501338182816,-0.1204000042898523,0.14851740205686878
499.390406258578,-0.12018732399416146,0.14919298520860189
499.1306786988745,-0.11970706598225067,0.14981647155338737
498.870951139171,-0.12389572890062146,0.154886057669799
498.6112235794674,-0.12342969361258035,0.15369286438912208
498.3514960197639,-0.1226596256479037,0.15293257193786247
498.09176846006034,-0.12277346969095902,0.15318731761148238
497.8320409003568,-0.12192029622431173,0.15401590489095027
497.57231334065324,-0.1200117287967252,0.15221691955072988
497.3125857809497,-0.126097489827012,0.15729625557953705
497.0528582212462,-0.1270553203531131,0.1600024326462446
496.7931306615426,-0.12536164176938122,0.15688831168879144
496.5334031018391,-0.12593172919290332,0.15634729262899422
496.27367554213555,-0.12211472755169296,0.15346403191672714
496.013947982432,-0.12399399082469749,0.15706733006502135
495.75422042272845,-0.12196507290846444,0.15462785860143383
495.4944928630249,-0.12302229055101029,0.1578425006463596
495.2347653033214,-0.1256348339931916,0.15710513604912416
494.9750377436178,-0.12924678104993595,0.16076486025643955
494.7153101839143,-0.12759407906709475,0.16148593491461263
494.45558262421076,-0.12766217023375304,0.16190686733428625
494.1958550645072,-0.1309219410225636,0.1624463562655782
493.93612750480366,-0.1326527559025632,0.16813285414698717
493.6763999451001,-0.13627348461644403,0.1702072976615937
493.4166723853966,-0.1361978925661898,0.17309755125930879
493.156944825693,-0.13357064467868968,0.1694784466732262
492.8972172659895,-0.14138518121605348,0.17677512155567462
492.637489706286,-0.14189807000712734,0.17853271876133162
492.3777621465824,-0.13660341017034017,0.1751490218676849
492.1180345868789,-0.14969271968752942,0.18841106411959965
491.85830702717533,-0.15236579832771274,0.19330050775266355
491.59857946747184,-0.14019079289708772,0.1803534125422509
491.33885190776823,-0.14926326929596812,0.19004512539854448
491.07912434806474,-0.15274439539438942,0.19277335024999737
490.8193967883612,-0.14754197681984085,0.1902307515061414
490.55966922865764,-0.14557487781479442,0.18659723596650868
490.2999416689541,-0.15118089152599698,0.1912709030943275
490.04021410925054,-0.15786769872191075,0.19729939791346976
489.78048654954705,-0.16473751940082046,0.20286003479071085
489.52075898984344,-0.15817955453844199,0.19640528201705643
489.26103143013995,-0.15390601202161658,0.1967196511694104
489.0013038704364,-0.16078837858693398,0.20010855482176437
488.74157631073285,-0.16007647898582408,0.20024832858666294
488.4818487510293,-0.15172135468892672,0.19454262658880284
488.22212119132575,-0.15094989898679564,0.19213056979299484
487.96239363162226,-0.1574936890407559,0.2016769000389875
487.70266607191866,-0.14643744508173487,0.18795633207677398
487.44293851221516,-0.1442202009210917,0.1852161263893425
487.1832109525116,-0.14910623390332742,0.1905936791444025
486.92348339280807,-0.14372217119738936,0.185062395855895
486.6637558331045,-0.1421703045837874,0.1828576469405885
486.40402827340097,-0.15670741151129788,0.19722303353826806
486.1443007136975,-0.1666591668148991,0.2108977548442309
485.88457315399387,-0.1542719056291724,0.20202001257902585
485.6248455942904,-0.15484839105543488,0.2008464156093846
485.3651180345868,-0.16161083654767058,0.20686537619183973
485.1053904748833,-0.16429244764444859,0.214869286282493
484.84566291517973,-0.15899727064656166,0.20439610239229086
484.5859353554762,-0.16002421704220623,0.208610664295283
484.3262077957727,-0.156027288684201,0.20420570695230464
484.0664802360691,-0.168168215083709,0.21493455554176208
483.8067526763656,-0.17732204594892007,0.22469058484811286
483.54702511666204,-0.17758644513731964,0.22412466348053675
483.2872975569585,-0.17210194139951787,0.21911719091663756
483.02756999725494,-0.17069446594839044,0.22534188523057472
482.7678424375514,-0.16367073513083863,0.20996040079706588
482.5081148778479,-0.1664557114746541,0.21814059209599798
482.2483873181443,-0.17740658600076925,0.23701381387822992
481.9886597584408,-0.1801857036294798,0.23506600891597074
481.72893219873725,-0.1833478860851707,0.2301742889697984
481.4692046390337,-0.19357849335838828,0.24282540751360024
481.20947707933016,-0.19219333751560236,0.24365465701634728
480.9497495196266,-0.18956601699594094,0.2448171866025751
480.6900219599231,-0.20251228888980685,0.2508358181901812
480.4302944002195,-0.1927874980731234,0.2495346444861505
480.170566840516,-0.19682096975429636,0.2521072795102915
479.91083928081247,-0.207700020790551,0.2635340356533202
479.6511117211089,-0.1991678110864916,0.25627092525796563
479.39138416140537,-0.20094663702756402,0.2533572574011627
479.1316566017018,-0.2248398912367095,0.27519853469462296
478.8719290419983,-0.21336490342713157,0.2688772659720264
478.6122014822947,-0.2377274054462892,0.2911534390212612
478.35247392259123,-0.23899297824113605,0.2900822099069124
478.0927463628877,-0.24060124127171537,0.2931236881968377
477.83301880318413,-0.23037902985207623,0.28388151707433923
477.5732912434806,-0.23333922524082715,0.2825245477997046
477.31356368377703,-0.23017347400997554,0.28722769476499255
477.05383612407354,-0.2581957875383807,0.3091283816742561
476.79410856436994,-0.2730053530698944,0.3291957716327005
476.53438100466644,-0.2848555344144413,0.3407178048927522
476.2746534449629,-0.28331697601617734,0.33497536817109236
476.01492588525934,-0.28917319636104566,0.3411132497176218
475.7551983255558,-0.30292522958064066,0.35648124403015463
475.49547076585225,-0.29419768825801335,0.34505316567878574
475.23574320614875,-0.325011888292004,0.3729845976812084
474.97601564644515,-0.309235199417011,0.35991330366077273
474.71628808674166,-0.3409330678113197,0.39449691923060953
474.45656052703805,-0.38365542278438,0.43463692941416276
474.19683296733456,-0.37413679266342414,0.42876464416848453
473.937105407631,-0.40929564765897963,0.4569174809147819
473.67737784792746,-0.4310687506591466,0.4727506252687205
473.41765028822397,-0.4078584489065208,0.443912502916249
473.15792272852036,-0.4382006634573199,0.4766667246674522
472.89819516881687,-0.4307106973399896,0.46962483222112633
472.63846760911326,-0.4170975585161484,0.456660862063845
472.37874004940977,-0.38288482029154797,0.42164183699119057
472.1190124897062,-0.3648333614082644,0.416061301239702
471.8592849300027,-0.3463699339603216,0.3893750179873865
471.5995573702992,-0.30725400632138317,0.3538693756615725
471.3398298105956,-0.247916138686424,0.2965207540561734
471.0801022508921,-0.210373496949009,0.24442329554747375
470.8203746911885,-0.11132235506673666,0.13784614688064784
470.560647131485,-0.04844932779707806,0.06235519298755159
470.30091957178144,-0.022613973985614367,0.04390700520193706
470.0411920120779,-0.008196218371323538,0.040130691359593865
469.7814644523744,-0.023092221727446856,0.05042150573677028
469.5217368926708,-0.01938861429005155,0.04841599239685171
469.2620093329673,-0.0059815515098541605,0.030405957338440526
469.0022817732637,-0.02288763361752412,0.04286843625662967
468.7425542135602,-0.011504346315256582,0.03244740837121591
468.48282665385665,-0.015449290058145783,0.04034789540357687
468.2230990941531,-0.025626412399958547,0.05466421357983193
467.9633715344496,0.0003561233403898203,0.03251675002641946
467.703643974746,-0.0037031248093007713,0.03269033903896145
467.4439164150425,-0.0019187408971113656,0.0385719082124746
467.1841888553389,-0.006258909245800168,0.027491944396475187
466.9244612956354,-0.01822114847341214,0.045907413057307986
466.66473373593186,-0.01903019420701888,0.03777025892695044
466.4050061762283,-0.022773621431669073,0.04872054560311126
466.1452786165248,-0.004238949042420273,0.031140238845853103
465.8855510568212,-0.024281065474517024,0.03757340919758455
465.6258234971177,-0.032571374596812974,0.06319105671748622
465.3660959374141,-0.00901271131023584,0.02356438404958475
465.1063683777106,-0.013682777936935921,0.04215764374810495
464.8466408180071,-0.03235805703948912,0.06102315541383326
464.5869132583035,0.002723367934484807,0.018584990844679627
464.32718569860003,-0.006321366874610568,0.03227829631664583
464.0674581388964,-0.0034315807210946593,0.0317484173530472
463.80773057919293,-0.012264695975304597,0.03329419923727105
463.54800301948933,-0.01825124610196021,0.04660374415246614
463.28827545978584,-0.016456060306462884,0.03872063065162006
463.0285479000823,-0.023899232438702386,0.04596085177715887
462.76882034037874,-0.026004366229391333,0.057062530309626575
462.50909278067525,-0.0024988173259115455,0.02159243650403267
462.24936522097164,0.008184605147586992,0.017963598956155076
461.98963766126815,-0.027693491955318845,0.05865047849811304
461.72991010156454,-0.0077561437158356695,0.03724265899227097
461.47018254186105,-0.010302135269912074,0.035525992831572255
461.2104549821575,0.0016881064597201684,0.022213084574846425
460.95072742245395,-0.005280677213513081,0.03754706809322443
460.6909998627504,-0.024243453230428355,0.05269646698149506
460.43127230304685,-0.018049585023213965,0.04561398019771105
460.17154474334336,-0.03146108183292452,0.06816442110014402
459.91181718363976,-0.0003622360256755463,0.02465880499477187
459.65208962393626,0.008247920802168381,0.021507601943197226
459.3923620642327,0.008937230416485026,0.024387511963326402
459.13263450452916,-0.018655930957731354,0.0358959868357333
458.8729069448256,-0.005493858050699516,0.024531863018193968
458.61317938512207,-0.018005630965167423,0.04699791379396787
458.3534518254186,-0.004825931102509986,0.03784866127247257
458.09372426571497,-0.0026133778530580674,0.02939337754440158
457.8339967060115,-0.009118775441346434,0.03498203829300808
457.5742691463079,0.008801139508031316,0.019993663715304404
457.3145415866044,0.009723740121653534,0.017679305211492163
457.05481402690083,0.005661501382048896,0.03290830965853338
456.7950864671973,-0.011307046793014214,0.038486101325204684
456.5353589074938,0.018140142448748103,0.009838478582273076
456.2756313477902,0.0033800152475553067,0.03583122686117363
456.0159037880867,0.004654809800793083,0.019724768550805526
455.75617622838314,-0.023133398280737204,0.04734783087747494
455.4964486686796,0.029954816109839723,0.005435472012315434
455.23672110897604,-0.010670446855576585,0.03382637588959519
454.9769935492725,0.012894226314840574,0.014308483823498737
454.717265989569,-0.02138136750630986,0.06124622090520074
454.4575384298654,-0.009762276526312624,0.03527996766458323
454.1978108701619,-0.0072200135947264035,0.022920248774566346
453.93808331045835,0.022713142267563484,0.010236542300690751
453.6783557507548,0.002605681727947314,0.03175729254261031
453.41862819105125,0.013252191799540403,0.0066327692507544885
453.1589006313477,-0.013700363590142737,0.041368511376706205
452.8991730716442,-0.013742071967390157,0.04979529492589074
452.6394455119406,-0.018831305772345843,0.054725026298830935
452.3797179522371,0.009098780806920375,0.009935758008792534
452.11999039253357,-0.017431614764863948,0.045728894089460036
451.86026283283,0.0013115755299869779,0.02551770377653571
451.60053527312647,-0.008810304717318631,0.04146941430221903
451.3408077134229,0.0014948367665036453,0.024424721804610063
451.0810801537194,0.013468087469440157,0.02137412214630657
450.8213525940158,0.01131857825015233,0.017584291529590984
450.5616250343123,-0.002984457856811614,0.035004058733409886
450.3018974746088,-0.009577575613705544,0.042963134918206254
450.04216991490523,0.018815975817406894,0.02105745540127273
449.7824423552017,0.017825042387600288,0.01876206825147424
449.52271479549813,0.0008674226582467569,0.030129773527876026
449.26298723579464,0.031737220199961266,0.0012690523282693007
449.00325967609103,0.017829570754667134,0.018852566607458387
448.74353211638754,-0.0073438541248100194,0.037600726590499546
448.483804556684,-0.0270807112498021,0.06178845179742478
448.22407699698044,0.03834951898383646,-0.0027187381457107495
447.9643494372769,0.026688506439387333,0.009588396659787482
447.70462187757335,0.012167529791649137,0.021981857010886105
447.44489431786985,-0.013270273439250028,0.05333805908261546
447.18516675816625,0.024021964042012206,0.014047112841115891
446.92543919846275,-0.015015047167101976,0.05083961421680928
446.6657116387592,0.013193994427313846,0.01764326551410639
446.40598407905566,0.030217046551763577,0.011975520319705581
446.1462565193521,-0.013524470711942262,0.057374638275020755
445.88652895964856,0.010692500817804864,0.017026558489277685
445.62680139994507,0.011025237605824117,0.017781590185531024
445.36707384024146,-0.010937939558510567,0.04605636366884089
445.10734628053797,0.006644016654188441,0.03538110574450875
444.8476187208344,-0.0008293210591707985,0.032090946608738805
444.58789116113087,0.008989105702276986,0.020184679658355874
444.3281636014273,0.03131721840379594,0.006864097905319479
444.06843604172377,0.004614694242902878,0.027960887306829243
443.8087084820203,-0.004395553310466299,0.02219358722199198
443.5489809223167,0.028970786017392718,0.010327328486333026
443.2892533626132,0.015186278970281072,0.0217088183971726
443.02952580290963,0.023544991949060488,0.01235414907904931
442.7697982432061,-0.0017758134447180848,0.04307021583139312
442.51007068350253,0.013279869926756843,0.016939526922645543
442.250343123799,0.002808783316380487,0.03421332937973135
441.9906155640955,0.04134336017161765,-0.007111478898050362
441.7308880043919,0.017068714876266478,0.021312531657995744
441.4711604446884,-0.0066368522847450135,0.045765838938195115
441.21143288498484,0.022354388252233123,0.01977079382110545
440.9517053252813,0.021705032801998533,0.017236772510588975
440.69197776557775,0.003284645127619697,0.03306829808528299
440.4322502058742,0.01063489076040424,0.02022426657118151
440.1725226461707,0.0018803096627002295,0.03224741835197489
439.9127950864671,0.038363893603092426,-0.006792530376155426
439.6530675267636,0.037490143523840024,-0.007030816173497089
439.39333996706006,-0.010920777926477806,0.054489573687305115
439.1336124073565,-0.014080584461753311,0.05152677757762498
438.87388484765296,-0.0004939138337137407,0.03663515878720019
438.6141572879494,0.015001277302971223,0.02510681211896514
438.3544297282459,0.005272081181009604,0.035638271599904126
438.0947021685423,0.01006986511136742,0.02147644583163803
437.8349746088388,0.013137695291795247,0.0270472488889316
437.57524704913527,0.011859258204918505,0.021370665404143757
437.3155194894317,0.012415220044500925,0.037644465526756606
437.0557919297282,0.010477589105238907,0.03263940763216803
436.7960643700246,0.016015757554502835,0.024654786432440477
436.53633681032113,0.013377157593039351,0.028761999217131167
436.2766092506175,0.015501089381716193,0.01588592552560652
436.01688169091403,-0.011270836165074453,0.05056611111664248
435.7571541312105,0.024275446881447636,0.017869815530032324
435.49742657150694,0.018776638145978186,0.027954577078256604
435.2376990118034,0.022650038647626745,0.01473837466654229
434.97797145209984,0.023968608658695562,0.022532383724824377
434.71824389239634,0.0164968910815034,0.02688957737556049
434.45851633269274,0.00762958005249315,0.032635704276747904
434.19878877298925,0.014725192050576957,0.03300265693170994
433.9390612132857,0.007448974470705968,0.04432113487700546
433.67933365358215,0.030805503363734547,0.008748984862947217
433.4196060938786,0.00011184234623300652,0.040897253969627574
433.15987853417505,0.044216594787940565,0.010591103630178506
432.90015097447156,0.012482613855301325,0.027649850761611878
432.64042341476795,0.024210578310154465,0.004524444618228943
432.38069585506446,0.02182379832760672,0.023364341621368113
432.1209682953609,0.005740289345601591,0.04664284153621534
431.86124073565736,0.04290247506659079,-0.001984873914632063
431.6015131759538,-0.011146312003605753,0.04244994763417671
431.34178561625026,0.03240948866036019,0.017883384977298054
431.08205805654677,0.017758712708216117,0.026853465127658026
430.82233049684316,0.01789211066050388,0.013114692689209988
430.5626029371397,0.030292548540733124,0.015887594283738933
430.3028753774361,0.02101932819355891,0.024522212493553353
430.0431478177326,0.026881667827414992,0.010323522706461415
429.783420258029,0.03111196232187648,0.021359501623329058
429.5236926983255,0.03457798961236736,0.011713628383895308
429.263965138622,0.03829127846969851,0.0005089870115277727
429.0042375789184,0.014257927823459256,0.028391601412130957
428.7445100192149,0.013976621268466166,0.03561187535354101
428.48478245951134,0.053423873708649434,0.0012803180097145203
428.2250548998078,0.030424004687813724,0.01561164324594699
427.96532734010424,0.030372570956932056,0.01110983678147124
427.7055997804007,0.023293413275002645,0.026263230188336064
427.4458722206972,0.03443073636115268,0.013620936646340514
427.1861446609936,-0.0014054374508051298,0.05604926453703895
426.9264171012901,0.033523199404552076,0.02375791316669443
426.66668954158655,0.05503984386403669,-0.005503568991069432
426.406961981883,0.02199773769332421,0.023553931480107648
426.14723442217945,0.029017549985171767,0.010157350388311398
425.8875068624759,0.02677032492286988,0.023805613739956172
425.6277793027724,0.03885692341801095,0.017923718395214266
425.3680517430688,-0.012215400915558887,0.056373803442517294
425.1083241833653,0.02070501166123205,0.029728878548692498
424.84859662366176,0.022981199258969666,0.032700005027684345
424.5888690639582,0.02988994535232251,0.01434967577441976
424.32914150425466,0.011273167157988628,0.043037643047759304
424.0694139445511,-0.010025441857562508,0.06446507473381245
423.8096863848476,0.007012711808839143,0.04030296761305351
423.549958825144,0.014041785061248611,0.042710365290066624
423.2902312654405,0.015836575742860636,0.028626964774223145
423.030503705737,0.05577405873873074,-0.002392590406405001
422.7707761460334,0.025196821473234043,0.02780591946889429
422.5110485863299,0.005414059537004282,0.0276725845314763
422.25132102662633,0.021852107575812196,0.027261460067862547
421.99159346692284,0.024248596314144985,0.017088163061960735
421.73186590721923,-0.002265670364942909,0.06644330187877354
421.47213834751574,-0.02898017161093434,0.0700972304526356
421.2124107878122,-0.00389044673541754,0.05736147244027205
420.95268322810864,0.02001710560668981,0.02265162737991983
420.6929556684051,-0.01584357219523035,0.07934062168648487
420.43322810870154,0.02103689164877132,0.03705134867614777
420.17350054899805,0.017739903886254,0.03280892880162619
419.91377298929444,0.006506762102500065,0.052432789693906655
419.65404542959095,0.049152525605671994,0.0034929382856037283
419.3943178698874,0.06788528421019219,-0.01812402246481081
419.13459031018385,0.03490780628819422,0.02283863337178858
418.8748627504803,0.0027686131548395757,0.03695403716340207
418.61513519077675,0.011428492835790295,0.02628429908917325
418.3554076310732,0.046770836280317966,0.007296456407055773
418.09568007136966,-0.0009764834585983778,0.05954523376425515
417.83595251166616,0.02468230903015509,0.03441482424935351
417.5762249519626,0.007720535245617754,0.04019637423642969
417.31649739225907,0.03520426325758666,0.011033693199303652
417.0567698325555,-0.001311055642098805,0.06694075582563735
416.79704227285197,0.06048813533400718,0.00011885207958996126
416.5373147131484,0.01975130413869741,0.023224659614728943
416.27758715344487,-0.009328539041855613,0.0678195136833149
416.0178595937414,0.05054526436387374,0.020350990675911673
415.7581320340378,0.029659294195374757,0.03767484935109182
415.4984044743343,0.0026330079161295005,0.0504964529671494
415.23867691463073,0.03526708249559946,0.021968105833473934
414.9789493549272,-0.015444572350264939,0.08452655425299398
414.71922179522363,0.010073657858268562,0.03762632928729104
414.4594942355201,0.03689128889848641,0.01933674943443691
414.1997666758166,0.004246772639089357,0.05012276404887272
413.94003911611304,-0.01958563952541747,0.07242044422509866
413.6803115564095,0.056918010925620655,-0.005104348616662637
413.42058399670594,-0.0033531446113720053,0.0541653729764771
413.1608564370024,0.010327368769364334,0.03397384470361941
412.90112887729885,0.0080138909186838,0.028566162516376874
412.6414013175953,0.017898995798879564,0.039966512248552875
412.3816737578918,0.032388399145751506,0.04298169742928089
412.12194619818825,0.023330438037762885,0.04853283288743942
411.8622186384847,-0.003726223935177914,0.05334524046814845
411.60249107878116,0.016185437858113084,0.02444712856565196
411.3427635190776,0.026635214501929346,0.027259451357046265
411.08303595937406,0.061020509629679566,-0.008233307082853965
410.8233083996705,-0.013281622940382905,0.08891695401821915
410.563580839967,0.0028976731912969517,0.0443181670815452
410.30385328026347,0.03827915169463457,0.005198434202782256
410.0441257205599,-0.0028630779273163967,0.08044798952746675
409.78439816085637,0.05859245788062254,0.01830939999926713
