longueur,spectre 0
663.5294963737288,0.08955463354257506
663.263076860743,0.08326118049200018
662.9966573477574,0.0861240166666461
662.7302378347716,0.07685021681961518
662.463818321786,0.06925471251499456
662.1973988088002,0.06154866829930689
661.9309792958146,0.06345043984497231
661.6645597828289,0.06217840262647789
661.3981402698432,0.06409777379545872
661.1317207568575,0.06187672355381339
660.8653012438718,0.07408127687326162
660.5988817308861,0.0678827811580739
660.3324622179003,0.07197537554357662
660.0660427049147,0.06361632019609803
659.799623191929,0.07476406687527477
659.5332036789433,0.06583309460943432
659.2667841659576,0.07068579645118196
659.0003646529719,0.06989906366616078
658.7339451399862,0.06934371485809863
658.4675256270006,0.07113720983970441
658.2011061140148,0.06826110443244696
657.9346866010292,0.06791583610269855
657.6682670880434,0.08230826478230985
657.4018475750577,0.0877436720970143
657.135428062072,0.0790980070273006
656.8690085490863,0.0790568485557227
656.6025890361007,0.07881771489269823
656.3361695231149,0.08593219811760565
656.0697500101293,0.0902694611546164
655.8033304971435,0.08656776247737094
655.5369109841579,0.08784361052183758
655.2704914711721,0.0754432892068356
655.0040719581864,0.07157308708311129
654.7376524452008,0.08564663364692177
654.471232932215,0.07562110482779325
654.2048134192294,0.07852557405614438
653.9383939062436,0.08329286472712834
653.671974393258,0.08463006265101004
653.4055548802722,0.08293930248081413
653.1391353672866,0.09122974513290193
652.8727158543008,0.08565203291305419
652.6062963413152,0.07961120121910809
652.3398768283295,0.07893799847941602
652.0734573153437,0.08390813869166786
651.8070378023581,0.08231895283144598
651.5406182893723,0.0854842821979947
651.2741987763867,0.08499147973405298
651.007779263401,0.08519584424725948
650.7413597504153,0.08919172699981456
650.4749402374296,0.08300784100914708
650.2085207244439,0.08204827984673982
649.9421012114582,0.08473301835670899
649.6756816984725,0.08388781096354658
649.4092621854868,0.08303164620337429
649.142842672501,0.08275929408546946
648.8764231595154,0.0981127593187757
648.6100036465297,0.09391442702811276
648.343584133544,0.09449167075470784
648.0771646205583,0.09599476171948615
647.8107451075726,0.09554760595657992
647.5443255945869,0.09557097001831452
647.2779060816013,0.10484086633587118
647.0114865686155,0.1077059378002868
646.7450670556299,0.09632905740142349
646.4786475426441,0.09803895669365352
646.2122280296584,0.09206541455454868
645.9458085166727,0.0825008957001629
645.679389003687,0.08122408421580743
645.4129694907014,0.08665181108508824
645.1465499777156,0.08951205453256476
644.88013046473,0.09071509163512209
644.6137109517442,0.0900428145747289
644.3472914387586,0.09100614514280328
644.0808719257728,0.08190725018527185
643.8144524127872,0.0792518913809961
643.5480328998015,0.07377111513423651
643.2816133868157,0.06912453156187683
643.0151938738301,0.07549097677924994
642.7487743608443,0.07294548010540532
642.4823548478587,0.07286190344802665
642.2159353348729,0.0765164099616815
641.9495158218873,0.07874113818282856
641.6830963089016,0.08011524582607951
641.4166767959159,0.07841562349152123
641.1502572829302,0.07921380779619185
640.8838377699444,0.08004083039463511
640.6174182569588,0.08039594094385405
640.350998743973,0.08559205932356544
640.0845792309874,0.08786037894051388
639.8181597180017,0.09270673614764947
639.551740205016,0.09339055391439206
639.2853206920303,0.09858296023932589
639.0189011790446,0.09995678061166702
638.7524816660589,0.09684332600079809
638.4860621530732,0.09776323830237392
638.2196426400875,0.10339091877032304
637.9532231271018,0.10136544290337679
637.6868036141161,0.10429696974926689
637.4203841011304,0.10615888731113025
637.1539645881447,0.10403662753913413
636.887545075159,0.10541689848126998
636.6211255621733,0.11261086398622812
636.3547060491876,0.11564845011353915
636.088286536202,0.11750530294826447
635.8218670232162,0.11730498641614366
635.5554475102306,0.11603295258156819
635.2890279972448,0.11820888923645681
635.0226084842591,0.11825682939955046
634.7561889712734,0.12015426634581056
634.4897694582877,0.1210524644986258
634.2233499453021,0.12397238514481543
633.9569304323163,0.12543652825356189
633.6905109193307,0.1240103700764673
633.4240914063449,0.12094014873184622
633.1576718933593,0.12236955514521847
632.8912523803735,0.11689017091462635
632.6248328673878,0.11900392135899754
632.3584133544022,0.11990014709078708
632.0919938414164,0.11629672730037535
631.8255743284308,0.1162493384912017
631.559154815445,0.11569806850355696
631.2927353024594,0.11704915198123016
631.0263157894736,0.1236089834377776
630.759896276488,0.1197675206392114
630.4934767635023,0.12022764013453036
630.2270572505166,0.12229228683951836
629.9606377375309,0.12436993572649678
629.6942182245452,0.12013252556345232
629.4277987115595,0.12008801048103734
629.1613791985737,0.12258726878387524
628.8949596855881,0.12704542085135512
628.6285401726024,0.12824657288947458
628.3621206596167,0.13245236489839357
628.095701146631,0.13248976424393832
627.8292816336453,0.14091809876687378
627.5628621206596,0.14564781792320258
627.296442607674,0.14997863756015117
627.0300230946882,0.15025431547382137
626.7636035817025,0.15455724201214172
626.4971840687168,0.15690015760487172
626.2307645557311,0.15826512013470118
625.9643450427454,0.15712051722766546
625.6979255297597,0.16017589872903193
625.431506016774,0.15932111752386943
625.1650865037883,0.160748024368811
624.8986669908027,0.1585550740665472
624.6322474778169,0.1613359804819573
624.3658279648313,0.15980114026333614
624.0994084518455,0.15586240968686962
623.8329889388598,0.15006378418712824
623.5665694258741,0.14997103425565805
623.3001499128884,0.14911843459902469
623.0337303999028,0.1447392088166878
622.767310886917,0.14197566037041265
622.5008913739314,0.1398745439738983
622.2344718609456,0.13930896493579975
621.96805234796,0.138002020126352
621.7016328349742,0.13028949202668846
621.4352133219886,0.1276428086571046
621.1687938090029,0.12783851496646625
620.9023742960171,0.12244414283013799
620.6359547830315,0.12333981950079585
620.3695352700457,0.12400390920705749
620.1031157570601,0.12713430018372898
619.8366962440743,0.12561398039044655
619.5702767310887,0.12588328412541697
619.303857218103,0.12266236316978427
619.0374377051173,0.1238113756149354
618.7710181921316,0.12556111691057942
618.5045986791458,0.12659909166980465
618.2381791661602,0.12856931570225474
617.9717596531744,0.1285269838784019
617.7053401401888,0.12831471107097706
617.4389206272031,0.12554499358236026
617.1725011142174,0.12781452659959924
616.9060816012317,0.12492690316073768
616.639662088246,0.11874684869098255
616.3732425752603,0.11810895380032195
616.1068230622747,0.11631601076388672
615.8404035492889,0.11307553585910474
615.5739840363033,0.1119299245647641
615.3075645233175,0.11145354339017341
615.0411450103318,0.11172960189114663
614.7747254973461,0.11136538111745262
614.5083059843604,0.11325450558631554
614.2418864713748,0.11364167274318335
613.975466958389,0.11304557932600436
613.7090474454034,0.11091464019950507
613.4426279324176,0.11248823941291304
613.176208419432,0.11079415858633467
612.9097889064462,0.10774561502107811
612.6433693934605,0.10928037049012074
612.3769498804749,0.10690988909054998
612.1105303674891,0.10442993473272369
611.8441108545035,0.10300563433161494
611.5776913415177,0.10405232711543064
611.3112718285321,0.10482808990142786
611.0448523155463,0.10372618825273015
610.7784328025607,0.10106155205371643
610.512013289575,0.10192427326531692
610.2455937765892,0.09769817633785147
609.9791742636036,0.09991486368641553
609.7127547506178,0.09923493317374305
609.4463352376322,0.0982943172830675
609.1799157246464,0.09367830345192242
608.9134962116608,0.0949257616469175
608.647076698675,0.09534602956809696
608.3806571856894,0.09833431529815008
608.1142376727037,0.10035459348919276
607.847818159718,0.09741922361186275
607.5813986467323,0.09983204461796397
607.3149791337466,0.09977859262959243
607.0485596207609,0.10122212081516145
606.7821401077751,0.09948688029051427
606.5157205947895,0.0953352515974246
606.2493010818038,0.09386364997706964
605.9828815688181,0.09246621685531892
605.7164620558324,0.09176403771331079
605.4500425428467,0.08831502093404923
605.183623029861,0.08861255538728766
604.9172035168754,0.08727282314733392
604.6507840038896,0.08582691242692005
604.3843644909039,0.08338532576512739
604.1179449779182,0.08590191977452712
603.8515254649325,0.08508503823504225
603.5851059519468,0.08372821530004464
603.3186864389611,0.08414177735111474
603.0522669259755,0.08573352711484106
602.7858474129897,0.08877763060500932
602.5194279000041,0.08818375018393051
602.2530083870183,0.08646992900452176
601.9865888740327,0.08830482268244348
601.7201693610469,0.08485779067112255
601.4537498480612,0.0839157500231246
601.1873303350756,0.0817060518465431
600.9209108220898,0.07818346928539299
600.6544913091042,0.08007718249471932
600.3880717961184,0.07726006967092602
600.1216522831328,0.07461974360046661
599.855232770147,0.0758881210132271
599.5888132571614,0.07787978787593908
599.3223937441757,0.07701591401882692
599.05597423119,0.07643428377457549
598.7895547182043,0.07741397780502336
598.5231352052185,0.075143826823298
598.2567156922329,0.074160272119321
597.9902961792471,0.07250967558977867
597.7238766662615,0.07346333593150235
597.4574571532758,0.07446720602000881
597.1910376402901,0.07376098725727753
596.9246181273044,0.07236716077706541
596.6581986143187,0.07130032405430176
596.391779101333,0.0688448789931996
596.1253595883472,0.06774835390386937
595.8589400753616,0.06858765513856092
595.5925205623759,0.06555211041996656
595.3261010493902,0.06406242657638209
595.0596815364045,0.06355861745971256
594.7932620234188,0.06350957534279376
594.5268425104331,0.06321890160794416
594.2604229974474,0.06305367340800687
593.9940034844617,0.06269148545462744
593.7275839714761,0.0617480807464714
593.4611644584903,0.0642670356174825
593.1947449455047,0.06704824437854807
592.9283254325189,0.06712043787396463
592.6619059195332,0.06860446287482383
592.3954864065475,0.06996899526391663
592.1290668935618,0.06853836545395027
591.8626473805762,0.07082678827359744
591.5962278675904,0.07255513803212545
591.3298083546048,0.0721439294064753
591.063388841619,0.07473176504201168
590.7969693286334,0.07598718858643508
590.5305498156476,0.07427347783938382
590.2641303026619,0.07551891497580196
589.9977107896763,0.07633546348317714
589.7312912766905,0.07668733862506681
589.4648717637049,0.07714395823175385
589.1984522507191,0.07888960714304936
588.9320327377335,0.07911579242654397
588.6656132247477,0.08090173735428255
588.3991937117621,0.08334583692831123
588.1327741987764,0.08693236421551394
587.8663546857906,0.08820833968707027
587.599935172805,0.08844325130995397
587.3335156598193,0.08900352039243146
587.0670961468336,0.08889018012831369
586.8006766338478,0.08922390763892644
586.5342571208622,0.08867924254074284
586.2678376078765,0.0894689095759196
586.0014180948908,0.08730743573421633
585.7349985819051,0.08830707760498965
585.4685790689194,0.08407130895730833
585.2021595559337,0.08446125034143118
584.935740042948,0.08338395856537352
584.6693205299623,0.0832901948463255
584.4029010169766,0.08108766125984507
584.1364815039909,0.0810726574531947
583.8700619910052,0.07960296505500279
583.6036424780195,0.07779702459632733
583.3372229650338,0.07859438617665158
583.0708034520482,0.07674020422037622
582.8043839390624,0.07718914019603539
582.5379644260768,0.07544347196072293
582.271544913091,0.07514279926709552
582.0051254001053,0.0749311360330426
581.7387058871196,0.07612468971373329
581.4722863741339,0.07628877449129814
581.2058668611483,0.07526456595066543
580.9394473481625,0.07383481558912289
580.6730278351769,0.07564203945038368
580.4066083221911,0.07510634360381949
580.1401888092055,0.07511507495155369
579.8737692962197,0.07437921487406512
579.6073497832341,0.07489440719861551
579.3409302702484,0.07376080729760934
579.0745107572627,0.07209774571804914
578.808091244277,0.07340075631733677
578.5416717312912,0.0721471016893797
578.2752522183056,0.07249806400784134
578.0088327053198,0.0713851847810589
577.7424131923342,0.0727424066113724
577.4759936793484,0.07117824024512999
577.2095741663628,0.07153903248453927
576.9431546533771,0.07289008162761493
576.6767351403914,0.07308904990893268
576.4103156274057,0.07155244674977053
576.1438961144199,0.07026732665530573
575.8774766014343,0.06696427095191254
575.6110570884485,0.06809346517313916
575.3446375754629,0.0670871265334767
575.0782180624772,0.06955507850718304
574.8117985494915,0.07154773463995474
574.5453790365058,0.07112603079450051
574.2789595235201,0.06993871858037387
574.0125400105344,0.07057588330999856
573.7461204975486,0.0712094174049523
573.479700984563,0.07364229136366436
573.2132814715774,0.07216203598371819
572.9468619585916,0.07317924511779976
572.6804424456059,0.06741729717355548
572.4140229326202,0.06628781416877269
572.1476034196345,0.06171531108018368
571.8811839066489,0.061090731418217074
571.6147643936631,0.05514975312938801
571.3483448806775,0.05444683633553806
571.0819253676917,0.05202166081736389
570.8155058547061,0.051393013408583765
570.5490863417203,0.05314500169882044
570.2826668287346,0.050602388239037496
570.016247315749,0.04967310797094614
569.7498278027632,0.04770749078819394
569.4834082897776,0.04201657286286242
569.2169887767918,0.04333536241497809
568.9505692638062,0.03976478480179585
568.6841497508204,0.034925836917482855
568.4177302378348,0.03465245233850044
568.151310724849,0.03433177691099732
567.8848912118633,0.032779349150981206
567.6184716988777,0.03805476339108019
567.3520521858919,0.0367831284548012
567.0856326729063,0.03792303408082062
566.8192131599205,0.03526719186882485
566.5527936469349,0.03407433626593789
566.2863741339492,0.03480131720584645
566.0199546209635,0.03592908282739416
565.7535351079778,0.03248150027564029
565.4871155949921,0.03179730149778925
565.2206960820064,0.0268663092030739
564.9542765690207,0.030889037982778648
564.687857056035,0.037476974195159184
564.4214375430493,0.0384051186025841
564.1550180300636,0.034771197281509444
563.8885985170779,0.0353130017289088
563.6221790040922,0.03706386825462747
563.3557594911065,0.03612082205111412
563.0893399781208,0.034890949433426625
562.8229204651351,0.03143439585057374
562.5565009521495,0.023254184119066847
562.2900814391637,0.016547479188085128
562.023661926178,0.011325070294632438
561.7572424131923,0.009446360995956108
561.4908229002066,0.012285756319956962
561.224403387221,0.0028110741284587118
560.9579838742352,-0.004796287991653993
560.6915643612496,-0.009566556931439443
560.4251448482638,-0.01085694457770759
560.1587253352782,-0.011791214728104314
559.8923058222924,-0.01864421192117109
559.6258863093067,-0.02181435115227843
559.359466796321,-0.01997873803198149
559.0930472833353,-0.019280451198178273
558.8266277703497,-0.015600826871309434
558.5602082573639,-0.008907179739709666
558.2937887443783,0.0013650247125003069
558.0273692313925,0.011332573671143497
557.7609497184069,0.012180953403281358
557.4945302054211,0.018429902924363226
557.2281106924355,0.02047824642173874
556.9616911794498,0.02934727870696565
556.6952716664641,0.038748064596861836
556.4288521534784,0.053702695843134106
556.1624326404926,0.05393621176679069
555.896013127507,0.06581364078872684
555.6295936145212,0.06807179558340369
555.3631741015356,0.08057597693397539
555.0967545885499,0.09275005815266268
554.8303350755642,0.09656827677346114
554.5639155625785,0.09365800646593601
554.2974960495928,0.10350149524789339
554.0310765366071,0.12203488056968617
553.7646570236213,0.12356976426785675
553.4982375106357,0.11902814070707526
553.23181799765,0.12409626362062741
552.9653984846643,0.12703932836992438
552.6989789716786,0.13617274015169828
552.4325594586929,0.14377215611686886
552.1661399457072,0.14833004170195363
551.8997204327216,0.15459729946559211
551.6333009197358,0.16168756880644697
551.36688140675,0.16465722973585933
551.1004618937644,0.17242884258965513
550.8340423807788,0.17285450413819228
550.567622867793,0.183880259777855
550.3012033548073,0.18918738797952706
550.0347838418216,0.18812314679099382
549.7683643288359,0.1881256149621979
549.5019448158503,0.19315667529044
549.2355253028645,0.19796378935252834
548.9691057898789,0.2018620845231517
548.7026862768931,0.20402228980897935
548.4362667639075,0.2086926817512626
548.1698472509217,0.20774383864713303
547.903427737936,0.20828419076966218
547.6370082249504,0.20865176383141515
547.3705887119646,0.20947162264946403
547.104169198979,0.21427112253549152
546.8377496859932,0.21555735061160283
546.5713301730076,0.21972594979143506
546.3049106600218,0.2286206687559195
546.0384911470362,0.22707887819134753
545.7720716340505,0.22933539580869153
545.5056521210647,0.23228684155627075
545.2392326080791,0.2337096495739545
544.9728130950933,0.23339121981540226
544.7063935821077,0.23897889030109692
544.439974069122,0.24853628185438548
544.1735545561363,0.24519089072934572
543.9071350431506,0.23680199897472362
543.6407155301649,0.2387309864211831
543.3742960171792,0.237693578724558
543.1078765041935,0.2475072047479216
542.8414569912078,0.25157493755704985
542.5750374782222,0.24747300941094594
542.3086179652364,0.24940000854007022
542.0421984522507,0.25305312011909953
541.775778939265,0.24854143101677545
541.5093594262793,0.24661428125207271
541.2429399132936,0.2458500868988657
540.9765204003079,0.24314116364302338
540.7101008873223,0.250675092025669
540.4436813743365,0.25929605679808904
540.1772618613509,0.2590409164879997
539.9108423483651,0.2525156959600705
539.6444228353794,0.24761700914006474
539.3780033223937,0.2525287788233836
539.111583809408,0.26068389966820116
538.8451642964224,0.2683413868063546
538.5787447834366,0.26454064113616305
538.312325270451,0.2681162695590629
538.0459057574652,0.2707432023514929
537.7794862444796,0.2750273278080499
537.5130667314938,0.2847610488219367
537.2466472185081,0.2901120362338473
536.9802277055225,0.288791934844801
536.7138081925368,0.28985590703707514
536.4473886795511,0.28177745006430355
536.1809691665653,0.27773789298890605
535.9145496535797,0.28121412958635383
535.6481301405939,0.28421658841305775
535.3817106276083,0.27953368152649477
535.1152911146226,0.27678003501516224
534.8488716016368,0.2679719218572183
534.5824520886512,0.26498547518686455
534.3160325756655,0.26193644687661505
534.0496130626798,0.2628964220659173
533.783193549694,0.2582215291450713
533.5167740367084,0.2543429819186494
533.2503545237226,0.24740272961753879
532.983935010737,0.25020844445906154
532.7175154977513,0.24624840485591384
532.4510959847656,0.24243403730226723
532.1846764717799,0.242066907420538
531.9182569587942,0.24128293136370288
531.6518374458085,0.2352117210237188
531.3854179328227,0.237177859105222
531.1189984198371,0.23334522739267563
530.8525789068515,0.23292923213949826
530.5861593938657,0.23141206879595358
530.31973988088,0.23272058399500634
530.0533203678943,0.22952139538622682
529.7869008549086,0.22342363586296554
529.520481341923,0.21592385061640484
529.2540618289372,0.223336468766009
528.9876423159515,0.22738876579328204
528.7212228029658,0.22826702049562464
528.4548032899802,0.22382285460315685
528.1883837769944,0.22106173633825726
527.9219642640087,0.2114644932007573
527.6555447510231,0.21458302698244833
527.3891252380373,0.21567060372129257
527.1227057250517,0.21769179640567413
526.8562862120659,0.21868547078515174
526.5898666990803,0.21789831730725678
526.3234471860945,0.21511401356018067
526.0570276731089,0.21824841388372934
525.7906081601232,0.2131188493727138
525.5241886471374,0.21222273125686045
525.2577691341518,0.2135443070648518
524.991349621166,0.21330374032811059
524.7249301081804,0.21217864255408417
524.4585105951946,0.20530242900766046
524.192091082209,0.20179513607999416
523.9256715692233,0.20134812424400184
523.6592520562376,0.20616873001633104
523.3928325432519,0.2016535019127643
523.1264130302661,0.20145337730499535
522.8599935172805,0.20414723669246448
522.5935740042949,0.20412335746466687
522.3271544913091,0.20079713119112477
522.0607349783234,0.19694981032443437
521.7943154653377,0.19937044335512724
521.527895952352,0.2028741281641961
521.2614764393663,0.20607172403317275
520.9950569263806,0.20213471891654453
520.7286374133948,0.20480702429854525
520.4622179004092,0.20391455083757326
520.1957983874236,0.20414558061676633
519.9293788744378,0.20004499743599607
519.6629593614521,0.20461617303537336
519.3965398484664,0.20524339688596047
519.1301203354807,0.20400927005850725
518.863700822495,0.2033673377751509
518.5972813095093,0.20752657742789576
518.3308617965237,0.20696132739184533
518.0644422835379,0.20503286689275427
517.7980227705523,0.2033918601185898
517.5316032575665,0.20226437011960258
517.2651837445808,0.20827805167159863
516.9987642315951,0.20773162201116063
516.7323447186095,0.20310326507737833
516.4659252056238,0.20188809897742777
516.199505692638,0.21072048019497958
515.9330861796524,0.21268197362587912
515.6666666666666,0.20791718651630614
515.400247153681,0.2092484750650886
515.1338276406952,0.20459034073523844
514.8674081277095,0.20800529650501942
514.6009886147239,0.21297790148804183
514.3345691017382,0.2175021007621755
514.0681495887525,0.2178854725270455
513.8017300757667,0.2128875489569976
513.5353105627811,0.2104160990293149
513.2688910497953,0.2161627759292251
513.0024715368097,0.21416990161385635
512.736052023824,0.21410841706907982
512.4696325108383,0.21435465335129258
512.2032129978526,0.21828515700096043
511.9367934848669,0.22209703759216348
511.6703739718812,0.22558733176881055
511.4039544588955,0.22503726649257705
511.1375349459098,0.22700139165791497
510.87111543292406,0.23005880511013385
510.6046959199384,0.23329813639376992
510.3382764069527,0.23308794127900623
510.07185689396704,0.23279896734684444
509.8054373809813,0.2336273077058493
509.5390178679956,0.23296729662816865
509.2725983550099,0.23307537262896555
509.0061788420242,0.2381786420788956
508.7397593290385,0.2389926030723859
508.4733398160528,0.24185382921583892
508.20692030306714,0.24014473978362927
507.9405007900814,0.23776989783822652
507.67408127709575,0.23997707753427502
507.40766176411,0.2414838508430285
507.14124225112437,0.2389621579453303
506.8748227381386,0.23904416528405334
506.6084032251529,0.23728986525270537
506.34198371216723,0.23806133282779698
506.07556419918154,0.23847779704422342
505.80914468619585,0.2372262145156542
505.54272517321016,0.2327989836899242
505.27630566022447,0.23126726138790313
505.0098861472387,0.22704652424664284
504.7434666342531,0.2303154593800444
504.47704712126733,0.22340294120347964
504.2106276082817,0.21999778225613603
503.94420809529595,0.21287988351614662
503.67778858231026,0.2123333849983838
503.41136906932456,0.20229212891697393
503.1449495563389,0.20055530425938253
502.8785300433532,0.18818099762869248
502.6121105303675,0.18562128411318668
502.3456910173818,0.18772204703465908
502.07927150439605,0.18563253569817809
501.8128519914104,0.18241485587590475
501.54643247842466,0.17767309898379083
501.280012965439,0.17550244916132343
501.0135934524533,0.17462440243280128
500.7471739394676,0.17791479616131023
500.4807544264819,0.17460646893174767
500.2143349134962,0.1714534331107342
499.9479154005105,0.1644017945163782
499.68149588752476,0.16296189410219514
499.4150763745391,0.1514423043002079
499.1486568615534,0.14812103957808392
498.88223734856774,0.15454569018285835
498.615817835582,0.14906537634873507
498.34939832259636,0.14962700664348158
498.0829788096106,0.14421409492381396
497.8165592966249,0.15022712286804463
497.5501397836392,0.1472509319286252
497.28372027065353,0.14856950959095447
497.01730075766784,0.1465342155264043
496.7508812446821,0.14269570718353977
496.48446173169646,0.13513616451015092
496.2180422187107,0.13767257196182775
495.9516227057251,0.14115835588479755
495.6852031927393,0.14088948066446588
495.41878367975363,0.13738437592620326
495.15236416676794,0.14106620411976242
494.88594465378225,0.13719439960332144
494.61952514079655,0.13530377055549928
494.35310562781086,0.13890543631805485
494.08668611482517,0.1418757970429498
493.8202666018394,0.14459545872613097
493.5538470888538,0.14462879786874308
493.28742757586804,0.14811832145030202
493.0210080628824,0.14036410643382316
492.75458854989665,0.14307411123068958
492.48816903691096,0.13931486392392234
492.22174952392527,0.14533586183797287
491.9553300109396,0.14965644120629198
491.6889104979539,0.1466437942906931
491.4224909849682,0.1445590721643336
491.1560714719825,0.1442358813197999
490.88965195899675,0.14160504223774364
490.6232324460111,0.1417839473032203
490.35681293302537,0.13933951311398177
490.09039342003973,0.14418350876608105
489.823973907054,0.1412800660656386
489.5575543940683,0.14097779289310317
489.2911348810826,0.14226236317990887
489.0247153680969,0.13891932567050955
488.7582958551112,0.14526781273692438
488.4918763421255,0.13470025871754018
488.22545682913983,0.13062649050321726
487.9590373161541,0.13191716161993014
487.69261780316845,0.12975641724425305
487.4261982901827,0.12734227703114007
487.15977877719706,0.124770021641225
486.8933592642113,0.1279931301511776
486.6269397512256,0.12843523633281234
486.3605202382399,0.13022562068644744
486.09410072525424,0.1253812131867058
485.82768121226854,0.1345557643569936
485.5612616992828,0.13695379192151635
485.29484218629716,0.13241335085094524
485.0284226733114,0.12711900388198324
484.7620031603258,0.12767280389027383
484.49558364734,0.14278604871947553
484.22916413435433,0.1507499408606397
483.96274462136864,0.1469919980506937
483.69632510838295,0.14433188778095285
483.42990559539726,0.13492824619119745
483.16348608241157,0.13690862410251559
482.8970665694259,0.13634784008634007
482.6306470564401,0.13970175320827857
482.3642275434545,0.14406796085324805
482.09780803046874,0.13208730582333844
481.8313885174831,0.1370079977625773
481.56496900449736,0.1547351791418715
481.29854949151166,0.17202455014620552
481.032129978526,0.17810251025839535
480.7657104655403,0.19547940603621378
480.4992909525546,0.19799941116140662
480.2328714395689,0.21636124027283704
479.9664519265832,0.22842956611463747
479.70003241359746,0.2468439138729047
479.4336129006118,0.2469341930482967
479.16719338762607,0.2548864312709642
478.90077387464044,0.2320062943905776
478.6343543616547,0.24518092694748397
478.367934848669,0.2723404589783683
478.1015153356833,0.26684984179727206
477.8350958226976,0.26406745424614403
477.5686763097119,0.29680398869034663
477.3022567967262,0.31748587693176533
477.03583728374053,0.36548093245567376
476.7694177707548,0.41542703221296556
476.50299825776915,0.487506701543178
476.2365787447834,0.5484244032573024
475.97015923179777,0.5851202047818255
475.703739718812,0.5513913355066985
475.4373202058263,0.5005550587318719
475.17090069284063,0.4318613552327434
474.90448117985494,0.32780663695000967
474.63806166686925,0.20909086328154136
474.3716421538835,0.06529409190969454
474.10522264089786,-0.006488552618257858
473.8388031279121,-0.013498005121060879
473.5723836149265,-0.006303207882301059
473.30596410194073,0.013358396475681574
473.0395445889551,0.00849765540323237
472.77312507596935,-0.020994692137543985
472.50670556298365,-0.022193091997884315
472.24028604999796,-0.022567238331115638
471.97386653701227,0.0014835524151971273
471.7074470240266,0.007572371313399345
471.44102751104083,-0.007746730383814426
471.1746079980552,0.022540362317721604
470.90818848506945,-0.02116131315446447
470.6417689720838,-0.015771149326734943
470.37534945909806,-0.0043640343565979605
470.10892994611237,-0.0007054375001326424
469.8425104331267,-0.007726427144976627
469.576090920141,0.013940315587783293
469.3096714071553,0.0040755065088494795
469.0432518941696,-0.00011981317274256186
468.7768323811839,-0.006179179090010947
468.51041286819816,-0.011082156641393377
468.2439933552125,0.016688144413952898
467.9775738422268,-0.005653649277979409
467.71115432924114,0.008979124616403739
467.4447348162554,-0.007507435729048132
467.1783153032697,0.01183528409220821
466.911895790284,-0.002625693066671757
466.6454762772983,-0.008802931658173157
466.3790567643126,0.00198407359204149
466.11263725132693,0.030165528403475826
465.84621773834124,-0.00597981452986574
465.5797982253555,-0.006140578118865407
465.31337871236985,0.026880326778047737
465.0469591993841,-0.015175407766730407
464.78053968639847,-0.012464676390000096
464.5141201734127,0.026629692504335094
464.24770066042703,0.0028983316642364775
463.98128114744134,-0.016575214989877997
463.71486163445564,0.0005848013634031311
463.44844212146995,0.007307699335545392
463.18202260848426,-0.01348909541171037
462.91560309549857,0.014721011468001885
462.6491835825128,0.005184191585664648
462.3827640695272,0.006863290420550469
462.11634455654143,0.015340674192670784
461.8499250435558,-0.02889650601799532
461.58350553057005,-0.011827100202315683
461.31708601758436,0.02094514209936882
461.05066650459867,-0.006771115425168913
460.784246991613,0.0010011336568596367
460.5178274786273,-0.0029184462353321872
460.25140796564153,0.005469257602249767
459.9849884526559,-0.00609926788609076
459.71856893967015,-0.0035211905137611937
459.4521494266845,0.015953835279222235
459.18572991369876,-0.0017916319359309004
458.9193104007131,-0.0010958230216064277
458.6528908877274,-0.007977226556247118
458.3864713747417,0.01409532488518043
458.120051861756,-0.007531526609871217
457.8536323487703,0.0008127647074297482
457.5872128357846,0.011099954332268694
457.32079332279886,-0.030067995173409214
457.0543738098132,-6.514382283048713e-05
456.7879542968275,0.025405473427938405
456.52153478384184,-0.0011464902542045602
456.2551152708561,0.000595118486804241
455.9886957578704,0.013312228054518076
455.7222762448847,-0.010233422849634398
455.455856731899,-0.011681346517681594
455.1894372189133,-0.02335850910651161
454.92301770592763,0.009790355019765818
454.65659819294194,-0.0014279494802418604
454.3901786799562,0.0024346839092449415
454.12375916697056,0.004184945250161986
453.8573396539848,-0.010350943930103858
453.5909201409992,0.003996500961979276
453.3245006280134,-0.007081425515342017
453.05808111502773,0.023435222002730408
452.79166160204204,0.007817332671542387
452.52524208905635,-0.00471463023700756
452.25882257607066,0.0057563250752613445
451.99240306308496,-0.01193571178886654
451.7259835500993,0.012881984279039412
451.4595640371135,0.0029591101040644147
451.1931445241279,-0.0027451398009132387
450.92672501114214,-0.021821184164248726
450.6603054981565,-0.015427968718752494
450.39388598517075,0.012712338866881223
450.12746647218506,0.019920112296518314
449.86104695919937,-0.008713956626333983
449.5946274462137,-0.0027291019575251428
449.328207933228,0.0013038142170973223
449.06178842024224,0.006706288878725156
448.7953689072566,0.008011848285307084
448.52894939427085,0.008287345058569817
448.2625298812852,-0.006862676266979317
447.99611036829947,0.0070822842839279145
447.72969085531383,0.010632715014509199
447.4632713423281,0.008140161630414006
447.1968518293424,0.008418424178068155
446.9304323163567,0.011091687821597326
446.664012803371,0.009358908157704212
446.3975932903853,-0.006843301992234935
446.13117377739957,-0.011358881833656272
445.86475426441393,0.013007570835494751
445.5983347514282,0.013853492334771208
445.33191523844255,-0.01366110071307235
445.0654957254568,-0.015548953890718427
444.7990762124711,-0.0008126194914186682
444.5326566994854,0.004889326199534335
444.2662371864997,-0.014949641841374527
443.99981767351403,-0.020003666032997094
443.73339816052834,-0.012737027215605656
443.46697864754265,-0.018015099124025557
443.2005591345569,-0.011762127918413457
442.93413962157126,-0.012510298726696265
442.6677201085855,-0.017258638189495464
442.4013005955999,-0.011797611756890015
442.13488108261413,0.001712141681766063
441.86846156962844,-0.011624293586557342
441.60204205664274,-0.024924044107457615
441.33562254365705,-0.03253683853001848
441.06920303067136,0.007877017299594283
440.80278351768567,-0.005147129351971564
440.5363640047,-0.012286072579167102
440.2699444917142,-0.00653880147642075
440.0035249787286,-0.0009727496045428543
439.73710546574284,0.00828201126096298
439.4706859527572,-0.04224291434717275
439.20426643977146,0.0033207107336236967
438.93784692678577,0.00953842950284865
438.6714274138001,-0.02212018775262464
438.4050079008144,-0.019940350169488356
438.1385883878287,0.0004336974963840118
437.872168874843,-0.008508086551682562
437.6057493618573,-0.011135081494152722
437.33932984887156,-0.022815344755263568
437.0729103358859,-0.01234665273981453
436.8064908229002,-0.030288079811204092
436.54007130991454,-0.011341034891195005
436.2736517969288,-0.010612223243796317
436.0072322839431,-0.01659421410831753
435.7408127709574,-0.005555311567369482
435.4743932579717,-0.017828414599457856
435.207973744986,-0.023275773255530808
434.94155423200027,-0.00456884328149225
434.67513471901464,0.01401044029147204
434.4087152060289,-0.02780448280796702
434.14229569304325,-0.03404888904208635
433.8758761800575,0.004935765982450583
433.60945666707187,-0.009027179821902756
433.3430371540861,-0.027066955017489826
433.0766176411004,0.003221758909676895
432.81019812811473,-0.020076679433885143
432.54377861512904,-0.040920366213956054
432.27735910214335,-0.0077898555989655525
432.0109395891576,-0.0044496046101323815
431.74452007617197,-0.01505351984077795
431.4781005631862,-0.03194101486561211
431.2116810502006,-0.011801362180678083
430.94526153721483,0.007011218263910772
430.67884202422914,-0.027938693956981914
430.41242251124345,-0.021648751492214843
430.14600299825776,-0.016026631315191893
429.87958348527206,-0.010041046933046829
429.6131639722864,-0.013287646979859829
429.3467444593007,-0.036349536232313025
429.08032494631493,-0.021712470210440513
428.8139054333293,-0.017522902317073565
428.54748592034355,-0.04480653967885227
428.2810664073579,-0.03634546907141217
428.01464689437216,-0.03945497048093211
427.74822738138647,-0.010534755799373486
427.4818078684008,-0.03440618433606192
427.2153883554151,-0.029577402298266116
426.9489688424294,-0.004105382482383947
426.6825493294437,-0.04990392514749869
426.416129816458,-0.048369775461320305
426.14971030347226,-0.04405844837433657
425.8832907904866,-0.03243980787881332
425.6168712775009,-0.019701977766037743
425.35045176451524,-0.04120689880132792
425.0840322515295,-0.04737565484697799
424.8176127385438,-0.004468297037866017
424.5511932255581,-0.04684812842038668
424.2847737125724,-0.050783659612533845
424.0183541995867,-0.039762487169671304
423.751934686601,-0.03481309405870514
423.48551517361534,-0.04902843286398786
423.2190956606296,-0.060222356478058486
422.95267614764396,-0.03376692002439892
422.6862566346582,-0.04012196322376003
422.4198371216726,-0.05179516862142341
422.1534176086868,-0.04904253097546284
421.88699809570113,-0.02794540269648139
421.62057858271544,-0.09024823650082835
421.35415906972975,-0.02733405704523537
421.08773955674405,-0.04132896820485709
420.8213200437583,-0.031638222622777525
420.55490053077267,-0.011507687209105038
420.2884810177869,-0.055903685740018694
420.0220615048013,-0.01507973070404451
419.75564199181554,-0.009189456002510553
419.48922247882984,-0.053701247439172324
419.22280296584415,-0.044607348072813975
418.95638345285846,-0.0508727188293508
418.68996393987277,-0.03023665150765727
418.4235444268871,-0.02895259830359756
418.1571249139014,-0.0004646151995221484
417.89070540091564,-0.02135394549351222
417.62428588793,-0.05800147606639324
417.35786637494425,-0.06361490680407969
417.0914468619586,-0.025273395205394716
416.82502734897287,-0.03864791928722679
416.5586078359872,-0.040967688786945296
416.2921883230015,-0.0346958900997278
416.0257688100158,-0.02289411793755821
415.7593492970301,-0.044513006397452384
415.4929297840444,-0.0016479750775026634
415.2265102710587,-0.021768580198555307
414.96009075807297,-0.04854062574568757
